-- phpMyAdmin SQL Dump
-- version 4.9.1
-- https://www.phpmyadmin.net/
--
-- Host: localhost
-- Waktu pembuatan: 21 Jan 2021 pada 07.28
-- Versi server: 10.4.8-MariaDB
-- Versi PHP: 7.3.10

SET SQL_MODE = "NO_AUTO_VALUE_ON_ZERO";
SET AUTOCOMMIT = 0;
START TRANSACTION;
SET time_zone = "+00:00";


/*!40101 SET @OLD_CHARACTER_SET_CLIENT=@@CHARACTER_SET_CLIENT */;
/*!40101 SET @OLD_CHARACTER_SET_RESULTS=@@CHARACTER_SET_RESULTS */;
/*!40101 SET @OLD_COLLATION_CONNECTION=@@COLLATION_CONNECTION */;
/*!40101 SET NAMES utf8mb4 */;

--
-- Database: `movielens`
--

-- --------------------------------------------------------

--
-- Struktur dari tabel `admin`
--

CREATE TABLE `admin` (
  `id_admin` int(5) NOT NULL,
  `username` varchar(20) NOT NULL,
  `password` varchar(20) NOT NULL,
  `nama_admin` varchar(50) NOT NULL
) ENGINE=InnoDB DEFAULT CHARSET=utf8mb4;

--
-- Dumping data untuk tabel `admin`
--

INSERT INTO `admin` (`id_admin`, `username`, `password`, `nama_admin`) VALUES
(1, 'rahmat', 'rahmat123', 'Rahmat Kurniawan'),
(2, 'admin', 'admin123', 'Admin MovieLens');

-- --------------------------------------------------------

--
-- Struktur dari tabel `data`
--

CREATE TABLE `data` (
  `id_user` int(5) NOT NULL,
  `id_item` int(5) NOT NULL,
  `rating` int(1) NOT NULL,
  `timestamp` varchar(10) NOT NULL
) ENGINE=InnoDB DEFAULT CHARSET=utf8mb4;

--
-- Dumping data untuk tabel `data`
--

INSERT INTO `data` (`id_user`, `id_item`, `rating`, `timestamp`) VALUES
(244, 51, 2, '880606923'),
(6, 86, 3, '883603013'),
(210, 40, 3, '891035994'),
(224, 29, 3, '888104457'),
(308, 1, 4, '887736532'),
(38, 95, 5, '892430094'),
(301, 98, 4, '882075827'),
(290, 88, 4, '880731963'),
(7, 32, 4, '891350932'),
(10, 16, 4, '877888877'),
(99, 4, 5, '886519097'),
(251, 100, 4, '886271884'),
(115, 20, 3, '881171009'),
(138, 26, 5, '879024232'),
(243, 15, 3, '879987440'),
(293, 5, 3, '888906576'),
(276, 54, 3, '874791025'),
(162, 25, 4, '877635573'),
(135, 23, 4, '879857765'),
(42, 96, 5, '881107178'),
(62, 21, 3, '879373460'),
(59, 23, 5, '888205300'),
(43, 14, 2, '883955745'),
(90, 98, 5, '891383204'),
(19, 4, 4, '885412840'),
(5, 2, 3, '875636053'),
(99, 79, 4, '885680138'),
(13, 98, 4, '881515011'),
(1, 61, 4, '878542420'),
(72, 48, 4, '880036718'),
(92, 77, 3, '875654637'),
(224, 26, 3, '888104153'),
(299, 14, 4, '877877775'),
(151, 10, 5, '879524921'),
(6, 14, 5, '883599249'),
(303, 69, 5, '879467542'),
(62, 65, 4, '879374686'),
(279, 68, 4, '875307407'),
(250, 7, 4, '878089716'),
(14, 98, 3, '890881335'),
(194, 54, 3, '879525876'),
(268, 2, 2, '875744173'),
(301, 56, 4, '882076587'),
(307, 89, 5, '879283786'),
(193, 96, 1, '889124507'),
(292, 11, 5, '881104093'),
(275, 98, 4, '875155140'),
(219, 82, 1, '889452455'),
(301, 79, 5, '882076403'),
(181, 3, 2, '878963441'),
(16, 64, 5, '877720297'),
(222, 77, 4, '878183616'),
(145, 15, 2, '875270655'),
(187, 64, 5, '879465631'),
(1, 33, 4, '878542699'),
(276, 2, 4, '874792436'),
(13, 56, 5, '881515011'),
(18, 26, 4, '880129731'),
(144, 89, 3, '888105691'),
(200, 96, 5, '884129409'),
(87, 40, 3, '879876917'),
(197, 96, 5, '891409839'),
(194, 66, 3, '879527264'),
(268, 62, 3, '875310824'),
(272, 12, 5, '879455254'),
(296, 20, 5, '884196921'),
(236, 71, 3, '890116671'),
(83, 78, 2, '880309089'),
(222, 97, 4, '878181739'),
(5, 17, 4, '875636198'),
(128, 15, 4, '879968827'),
(239, 56, 4, '889179478'),
(291, 80, 4, '875086354'),
(60, 60, 5, '883327734'),
(287, 1, 5, '875334088'),
(65, 47, 2, '879216672'),
(1, 20, 4, '887431883'),
(290, 50, 5, '880473582'),
(246, 94, 2, '884923505'),
(72, 54, 3, '880036854'),
(224, 77, 4, '888103872'),
(45, 25, 4, '881014015'),
(276, 57, 3, '874787526'),
(109, 8, 3, '880572642'),
(198, 58, 3, '884208173'),
(157, 25, 3, '886890787'),
(305, 71, 3, '886323684'),
(301, 33, 4, '882078228'),
(308, 55, 3, '887738760'),
(62, 12, 4, '879373613'),
(276, 40, 3, '874791871'),
(308, 81, 5, '887737293'),
(307, 94, 3, '877122695'),
(269, 22, 1, '891448072'),
(10, 7, 4, '877892210'),
(6, 98, 5, '883600680'),
(10, 100, 5, '877891747'),
(276, 70, 4, '874790826'),
(244, 17, 2, '880607205'),
(189, 56, 5, '893265263'),
(222, 26, 3, '878183043'),
(56, 71, 4, '892683275'),
(185, 23, 4, '883524249'),
(207, 13, 3, '875506839'),
(18, 86, 4, '880129731'),
(8, 22, 5, '879362183'),
(222, 49, 3, '878183512'),
(200, 11, 5, '884129542'),
(90, 25, 5, '891384789'),
(263, 96, 4, '891298336'),
(22, 80, 4, '878887227'),
(15, 25, 3, '879456204'),
(16, 55, 5, '877717956'),
(234, 10, 3, '891227851'),
(276, 64, 5, '874787441'),
(295, 39, 4, '879518279'),
(217, 2, 3, '889069782'),
(189, 20, 5, '893264466'),
(125, 80, 4, '892838865'),
(42, 44, 3, '881108548'),
(268, 21, 3, '875742822'),
(262, 28, 3, '879792220'),
(234, 81, 3, '892334680'),
(236, 57, 5, '890116575'),
(232, 52, 5, '888550130'),
(102, 70, 3, '888803537'),
(62, 68, 1, '879374969'),
(85, 51, 2, '879454782'),
(286, 99, 4, '878141681'),
(224, 69, 4, '888082495'),
(87, 82, 5, '879875774'),
(94, 62, 3, '891722933'),
(90, 22, 4, '891384357'),
(270, 25, 5, '876954456'),
(216, 55, 5, '880245145'),
(194, 23, 4, '879522819'),
(161, 48, 1, '891170745'),
(59, 92, 5, '888204997'),
(58, 9, 4, '884304328'),
(79, 50, 4, '891271545'),
(235, 70, 5, '889655619'),
(297, 57, 5, '875239383'),
(270, 98, 5, '876955868'),
(256, 86, 5, '882165103'),
(221, 48, 5, '875245462'),
(223, 11, 3, '891550649'),
(292, 9, 4, '881104148'),
(222, 53, 5, '878184113'),
(24, 64, 5, '875322758'),
(82, 56, 3, '878769410'),
(56, 91, 4, '892683275'),
(226, 56, 4, '883889102'),
(16, 8, 5, '877722736'),
(203, 93, 4, '880434940'),
(145, 56, 5, '875271896'),
(17, 13, 3, '885272654'),
(148, 1, 4, '877019411'),
(297, 89, 4, '875239125'),
(303, 68, 4, '879467361'),
(280, 1, 4, '891700426'),
(6, 69, 3, '883601277'),
(110, 38, 3, '886988574'),
(222, 87, 3, '878182589'),
(13, 72, 4, '882141727'),
(194, 77, 3, '879527421'),
(90, 12, 5, '891383241'),
(311, 98, 5, '884364502'),
(286, 73, 5, '877532965'),
(239, 9, 5, '889180446'),
(96, 87, 4, '884403531'),
(297, 73, 2, '875239691'),
(311, 9, 4, '884963365'),
(151, 13, 3, '879542688'),
(271, 65, 3, '885849419'),
(207, 68, 2, '877125350'),
(2, 50, 5, '888552084'),
(57, 79, 5, '883698495'),
(253, 97, 4, '891628501'),
(62, 86, 2, '879374640'),
(207, 58, 3, '875991047'),
(109, 97, 3, '880578711'),
(308, 59, 4, '887737647'),
(8, 50, 5, '879362124'),
(286, 44, 3, '877532173'),
(62, 59, 4, '879373821'),
(83, 97, 4, '880308690'),
(63, 100, 5, '875747319'),
(85, 25, 2, '879452769'),
(42, 98, 4, '881106711'),
(274, 50, 5, '878944679'),
(184, 98, 4, '889908539'),
(217, 27, 1, '889070011'),
(286, 85, 5, '877533224'),
(207, 65, 3, '878104594'),
(210, 70, 4, '887730589'),
(181, 14, 1, '878962392'),
(297, 25, 4, '874954497'),
(276, 78, 4, '877934828'),
(1, 47, 4, '875072125'),
(95, 68, 4, '879196231'),
(6, 23, 4, '883601365'),
(222, 22, 5, '878183285'),
(76, 61, 4, '875028123'),
(314, 28, 5, '877888346'),
(16, 89, 2, '877717833'),
(291, 15, 5, '874833668'),
(239, 96, 5, '889178798'),
(136, 89, 4, '882848925'),
(234, 98, 4, '892078567'),
(94, 24, 4, '885873423'),
(262, 64, 5, '879793022'),
(83, 43, 4, '880308690'),
(244, 53, 3, '880607489'),
(43, 40, 3, '883956468'),
(49, 68, 1, '888069513'),
(44, 15, 4, '878341343'),
(158, 24, 4, '880134261'),
(188, 96, 5, '875073128'),
(151, 12, 5, '879524368'),
(279, 89, 4, '875306910'),
(66, 1, 3, '883601324'),
(5, 1, 4, '875635748'),
(264, 70, 4, '886123596'),
(210, 97, 5, '887736454'),
(305, 79, 3, '886324276'),
(207, 25, 4, '876079113'),
(109, 1, 4, '880563619'),
(77, 91, 3, '884752924'),
(227, 50, 4, '879035347'),
(295, 72, 4, '879518714'),
(181, 1, 3, '878962392'),
(279, 96, 4, '875310606'),
(177, 69, 1, '880131088'),
(213, 13, 4, '878955139'),
(271, 56, 3, '885848559'),
(59, 77, 4, '888206254'),
(222, 88, 4, '878183336'),
(121, 14, 5, '891390014'),
(117, 15, 5, '880125887'),
(239, 81, 3, '889179808'),
(59, 54, 4, '888205921'),
(85, 13, 3, '879452866'),
(313, 22, 3, '891014870'),
(43, 5, 4, '875981421'),
(11, 38, 3, '891905936'),
(70, 82, 4, '884068075'),
(5, 98, 3, '875720691'),
(308, 95, 4, '887737130'),
(65, 100, 3, '879217558'),
(184, 86, 5, '889908694'),
(72, 28, 4, '880036824'),
(115, 8, 5, '881171982'),
(95, 1, 5, '879197329'),
(151, 58, 4, '879524849'),
(145, 22, 5, '875273021'),
(71, 89, 5, '880864462'),
(182, 69, 5, '876435435'),
(28, 79, 4, '881961003'),
(83, 82, 5, '887665423'),
(161, 98, 4, '891171357'),
(66, 7, 3, '883601355'),
(85, 83, 4, '886282959'),
(267, 17, 4, '878971773'),
(201, 51, 2, '884140751'),
(197, 55, 3, '891409982'),
(316, 98, 5, '880853743'),
(25, 25, 5, '885853415'),
(103, 24, 4, '880415847'),
(87, 9, 4, '879877931'),
(49, 47, 5, '888068715'),
(44, 95, 4, '878347569'),
(135, 39, 3, '879857931'),
(13, 66, 3, '882141485'),
(269, 13, 4, '891446662'),
(313, 99, 4, '891014029'),
(142, 82, 4, '888640356'),
(303, 94, 3, '879485318'),
(99, 50, 5, '885679998'),
(306, 14, 5, '876503995'),
(16, 56, 5, '877719863'),
(13, 59, 4, '882140425'),
(291, 7, 5, '874834481'),
(312, 28, 4, '891698300'),
(291, 70, 4, '874868146'),
(180, 68, 5, '877127721'),
(184, 36, 3, '889910195'),
(305, 11, 1, '886323237'),
(73, 94, 1, '888625754'),
(198, 7, 4, '884205317'),
(73, 56, 4, '888626041'),
(104, 7, 3, '888465972'),
(293, 39, 3, '888906804'),
(256, 25, 5, '882150552'),
(275, 69, 3, '880314089'),
(239, 58, 5, '889179623'),
(92, 15, 3, '875640189'),
(79, 100, 5, '891271652'),
(1, 17, 3, '875073198'),
(214, 42, 5, '892668130'),
(7, 81, 5, '891352626'),
(82, 14, 4, '876311280'),
(305, 50, 5, '886321799'),
(223, 8, 2, '891550684'),
(92, 81, 3, '875654929'),
(201, 69, 2, '884112901'),
(94, 58, 5, '891720540'),
(91, 28, 4, '891439243'),
(235, 87, 4, '889655162'),
(174, 80, 1, '886515210'),
(315, 13, 4, '879821158'),
(269, 9, 4, '891446246'),
(293, 79, 3, '888906045'),
(246, 68, 5, '884922341'),
(249, 88, 4, '879572668'),
(279, 79, 3, '875296461'),
(217, 7, 4, '889069741'),
(49, 7, 4, '888067307'),
(311, 83, 5, '884364812'),
(58, 100, 5, '884304553'),
(160, 56, 5, '876770222'),
(87, 2, 4, '879876074'),
(268, 1, 3, '875742341'),
(262, 47, 2, '879794599'),
(84, 12, 5, '883452874'),
(264, 33, 3, '886122644'),
(224, 20, 1, '888104487'),
(200, 24, 2, '884127370'),
(158, 72, 3, '880135118'),
(92, 24, 3, '875640448'),
(276, 38, 3, '874792574'),
(286, 34, 5, '877534701'),
(1, 90, 4, '878542300'),
(49, 38, 1, '888068289'),
(311, 5, 3, '884365853'),
(151, 89, 5, '879524491'),
(269, 47, 4, '891448386'),
(198, 100, 1, '884207325'),
(194, 4, 4, '879521397'),
(177, 56, 5, '880130618'),
(57, 28, 4, '883698324'),
(268, 94, 2, '875743630'),
(270, 97, 4, '876955633'),
(21, 98, 5, '874951657'),
(314, 95, 5, '877888168'),
(108, 50, 4, '879879739'),
(207, 4, 4, '876198457'),
(313, 96, 5, '891015144'),
(270, 83, 4, '876954995'),
(201, 79, 4, '884112245'),
(216, 69, 5, '880235229'),
(28, 95, 3, '881956917'),
(181, 16, 1, '878962996'),
(97, 89, 5, '884238939'),
(207, 87, 4, '884386260'),
(94, 9, 5, '885872684'),
(234, 20, 4, '891227979'),
(67, 64, 5, '875379211'),
(68, 7, 3, '876974096'),
(13, 14, 4, '884538727'),
(232, 91, 5, '888549515'),
(98, 47, 4, '880498898'),
(53, 24, 3, '879442538'),
(239, 10, 5, '889180338'),
(63, 20, 3, '875748004'),
(148, 70, 5, '877021271'),
(184, 71, 4, '889911552'),
(276, 43, 1, '874791383'),
(244, 89, 5, '880602210'),
(272, 48, 4, '879455143'),
(116, 7, 2, '876453915'),
(52, 95, 4, '882922927'),
(26, 25, 3, '891373727'),
(246, 82, 2, '884921986'),
(62, 24, 4, '879372633'),
(268, 63, 1, '875743792'),
(295, 47, 5, '879518166'),
(194, 82, 2, '879524216'),
(290, 82, 4, '880473918'),
(262, 96, 4, '879793022'),
(305, 61, 4, '886323378'),
(42, 69, 4, '881107375'),
(63, 50, 4, '875747292'),
(269, 82, 2, '891450780'),
(5, 62, 4, '875637575'),
(303, 65, 4, '879467436'),
(295, 73, 4, '879519009'),
(184, 100, 5, '889907652'),
(1, 64, 5, '875072404'),
(49, 17, 2, '888068651'),
(175, 96, 3, '877108051'),
(310, 24, 4, '879436242'),
(43, 52, 4, '883955224'),
(303, 87, 3, '879466421'),
(94, 89, 3, '885870284'),
(7, 44, 5, '891351728'),
(158, 85, 4, '880135118'),
(221, 69, 4, '875245641'),
(196, 67, 5, '881252017'),
(175, 71, 4, '877107942'),
(326, 22, 4, '879874989'),
(270, 53, 4, '876956106'),
(268, 52, 3, '875309319'),
(59, 70, 3, '888204758'),
(213, 12, 5, '878955409'),
(131, 100, 5, '883681418'),
(222, 29, 3, '878184571'),
(22, 79, 4, '878887765'),
(249, 11, 5, '879640868'),
(217, 22, 5, '889069741'),
(178, 73, 5, '882827985'),
(56, 69, 4, '892678893'),
(37, 55, 3, '880915942'),
(233, 99, 3, '877663383'),
(97, 98, 4, '884238728'),
(189, 1, 5, '893264174'),
(234, 50, 4, '892079237'),
(296, 48, 5, '884197091'),
(81, 3, 4, '876592546'),
(151, 15, 4, '879524879'),
(59, 12, 5, '888204260'),
(298, 91, 2, '884182932'),
(246, 8, 3, '884921245'),
(276, 34, 2, '877934264'),
(97, 50, 5, '884239471'),
(13, 97, 4, '882399357'),
(244, 7, 4, '880602558'),
(28, 98, 5, '881961531'),
(298, 8, 5, '884182748'),
(7, 28, 5, '891352341'),
(115, 92, 4, '881172049'),
(41, 28, 4, '890687353'),
(117, 50, 5, '880126022'),
(262, 11, 4, '879793597'),
(109, 31, 4, '880577844'),
(208, 88, 5, '883108324'),
(279, 65, 1, '875306767'),
(43, 64, 5, '875981247'),
(70, 50, 4, '884064188'),
(279, 42, 4, '875308843'),
(210, 58, 4, '887730177'),
(43, 66, 4, '875981506'),
(293, 36, 1, '888908041'),
(60, 47, 4, '883326399'),
(92, 79, 4, '875653198'),
(287, 11, 5, '875335124'),
(49, 49, 2, '888068990'),
(311, 28, 5, '884365140'),
(76, 92, 4, '882606108'),
(5, 24, 4, '879198229'),
(286, 7, 4, '875807003'),
(64, 93, 2, '889739025'),
(287, 56, 5, '875334759'),
(150, 100, 2, '878746636'),
(93, 15, 5, '888705388'),
(318, 50, 2, '884495696'),
(18, 58, 4, '880130613'),
(307, 100, 3, '879206424'),
(311, 68, 1, '884365824'),
(145, 13, 5, '875270507'),
(145, 1, 3, '882181396'),
(109, 100, 4, '880563080'),
(7, 78, 3, '891354165'),
(82, 73, 4, '878769888'),
(145, 50, 5, '885557660'),
(234, 71, 3, '892334338'),
(213, 48, 5, '878955848'),
(124, 50, 3, '890287508'),
(291, 54, 4, '874834963'),
(253, 50, 4, '891628518'),
(280, 38, 3, '891701832'),
(268, 83, 4, '875309344'),
(69, 12, 5, '882145567'),
(276, 85, 3, '874791871'),
(313, 71, 4, '891030144'),
(224, 43, 3, '888104456'),
(85, 98, 4, '879453716'),
(123, 13, 3, '879873988'),
(292, 86, 4, '881105778'),
(30, 82, 4, '875060217'),
(271, 11, 4, '885848408'),
(268, 42, 4, '875310384'),
(124, 11, 5, '890287645'),
(28, 7, 5, '881961531'),
(7, 93, 5, '891351042'),
(44, 56, 2, '878348601'),
(328, 9, 4, '885045993'),
(128, 79, 4, '879967692'),
(189, 91, 3, '893265684'),
(207, 98, 4, '875509887'),
(291, 77, 4, '874834799'),
(177, 79, 4, '880130758'),
(289, 7, 4, '876789628'),
(144, 3, 3, '888105823'),
(94, 33, 3, '891721919'),
(318, 64, 4, '884495590'),
(189, 30, 4, '893266205'),
(198, 24, 2, '884205385'),
(305, 15, 1, '886322796'),
(65, 56, 3, '879217816'),
(262, 77, 2, '879794829'),
(144, 91, 2, '888106106'),
(26, 15, 4, '891386369'),
(276, 11, 5, '874787497'),
(287, 92, 4, '875334896'),
(109, 89, 4, '880573263'),
(305, 87, 1, '886323153'),
(85, 58, 4, '879829689'),
(1, 92, 3, '876892425'),
(90, 31, 4, '891384673'),
(158, 1, 4, '880132443'),
(43, 26, 5, '883954901'),
(307, 71, 5, '879283169'),
(217, 82, 5, '889069842'),
(314, 9, 4, '877886375'),
(249, 79, 5, '879572777'),
(20, 11, 2, '879669401'),
(222, 25, 3, '877563437'),
(160, 3, 3, '876770124'),
(256, 29, 4, '882164644'),
(313, 65, 2, '891016962'),
(271, 22, 5, '885848518'),
(244, 31, 4, '880603484'),
(295, 67, 4, '879519042'),
(201, 37, 2, '884114635'),
(262, 91, 3, '879792713'),
(311, 70, 4, '884364999'),
(16, 92, 4, '877721905'),
(313, 31, 4, '891015486'),
(60, 79, 4, '883326620'),
(62, 4, 4, '879374640'),
(26, 7, 3, '891350826'),
(279, 88, 1, '882146554'),
(207, 14, 4, '875504876'),
(121, 86, 5, '891388286'),
(180, 79, 3, '877442037'),
(250, 2, 4, '878090414'),
(67, 1, 3, '875379445'),
(291, 99, 4, '875086887'),
(311, 73, 4, '884366187'),
(1, 74, 1, '889751736'),
(268, 68, 4, '875744173'),
(94, 45, 5, '886008764'),
(330, 11, 4, '876546561'),
(188, 88, 4, '875075300'),
(137, 55, 5, '881433689'),
(237, 100, 5, '879376381'),
(150, 13, 4, '878746889'),
(151, 25, 4, '879528496'),
(271, 8, 4, '885848770'),
(109, 5, 3, '880580637'),
(271, 50, 5, '885848640'),
(74, 9, 4, '888333458'),
(144, 66, 4, '888106078'),
(195, 14, 4, '890985390'),
(174, 41, 1, '886515063'),
(56, 68, 3, '892910913'),
(183, 96, 3, '891463617'),
(119, 54, 4, '886176814'),
(297, 20, 4, '874954763'),
(1, 98, 4, '875072404'),
(307, 21, 4, '876433101'),
(82, 15, 3, '876311365'),
(320, 68, 5, '884749327'),
(322, 32, 5, '887314417'),
(290, 21, 3, '880475695'),
(181, 20, 1, '878962919'),
(331, 7, 4, '877196633'),
(315, 8, 3, '879820961'),
(286, 83, 5, '877531975'),
(232, 8, 2, '888549757'),
(96, 91, 5, '884403250'),
(232, 1, 4, '880062302'),
(315, 98, 4, '879821193'),
(308, 85, 4, '887741245'),
(222, 69, 5, '878182338'),
(314, 90, 2, '877888758'),
(210, 96, 4, '887736616'),
(254, 50, 5, '886471151'),
(329, 100, 4, '891655812'),
(246, 80, 2, '884923329'),
(274, 25, 5, '878945541'),
(42, 48, 5, '881107821'),
(267, 94, 3, '878972558'),
(125, 97, 3, '879454385'),
(305, 56, 1, '886323068'),
(108, 13, 3, '879879834'),
(144, 62, 2, '888105902'),
(290, 71, 5, '880473667'),
(44, 88, 2, '878348885'),
(150, 1, 4, '878746441'),
(299, 24, 3, '877877732'),
(7, 22, 5, '891351121'),
(85, 53, 3, '882995643'),
(323, 9, 4, '878739325'),
(289, 1, 3, '876789736'),
(144, 64, 5, '888105140'),
(56, 29, 3, '892910913'),
(200, 72, 4, '884129542'),
(249, 23, 4, '879572432'),
(130, 56, 5, '875216283'),
(222, 58, 3, '878182479'),
(177, 89, 5, '880131088'),
(265, 7, 2, '875320689'),
(239, 47, 2, '889180169'),
(326, 69, 2, '879874964'),
(180, 67, 1, '877127591'),
(280, 99, 2, '891700475'),
(214, 79, 4, '891544306'),
(65, 97, 5, '879216605'),
(201, 2, 2, '884112487'),
(152, 25, 3, '880149045'),
(62, 28, 3, '879375169'),
(224, 22, 5, '888103581'),
(64, 77, 3, '889737420'),
(15, 20, 3, '879455541'),
(244, 100, 4, '880604252'),
(14, 22, 3, '890881521'),
(59, 13, 5, '888203415'),
(326, 50, 5, '879875112'),
(73, 12, 5, '888624976'),
(6, 95, 2, '883602133'),
(87, 70, 5, '879876448'),
(301, 58, 4, '882077285'),
(1, 84, 4, '875072923'),
(215, 22, 3, '891435161'),
(201, 23, 4, '884111830'),
(1, 31, 3, '875072144'),
(311, 22, 4, '884364538'),
(22, 96, 5, '878887680'),
(85, 97, 2, '879829667'),
(181, 7, 4, '878963037'),
(320, 99, 4, '884751440'),
(235, 85, 4, '889655232'),
(16, 70, 4, '877720118'),
(292, 10, 5, '881104606'),
(58, 45, 5, '884305295'),
(257, 59, 5, '879547440'),
(158, 38, 4, '880134607'),
(44, 11, 3, '878347915'),
(49, 10, 3, '888066086'),
(59, 47, 5, '888205574'),
(213, 50, 5, '878870456'),
(195, 100, 5, '875771440'),
(1, 70, 3, '875072895'),
(269, 72, 2, '891451470'),
(56, 63, 3, '892910268'),
(301, 53, 1, '882078883'),
(267, 55, 4, '878972785'),
(158, 79, 4, '880134332'),
(305, 14, 4, '886322893'),
(87, 67, 4, '879877007'),
(90, 11, 4, '891384113'),
(1, 60, 5, '875072370'),
(59, 10, 4, '888203234'),
(10, 48, 4, '877889058'),
(295, 4, 4, '879518568'),
(189, 45, 3, '893265657'),
(244, 97, 2, '880605514'),
(292, 100, 5, '881103999'),
(14, 56, 5, '879119579'),
(13, 42, 4, '882141393'),
(268, 99, 3, '875744744'),
(320, 42, 4, '884751712'),
(301, 25, 3, '882075110'),
(315, 17, 1, '879821003'),
(152, 97, 5, '882475618'),
(13, 94, 3, '882142057'),
(297, 22, 4, '875238984'),
(14, 93, 3, '879119311'),
(216, 12, 5, '881432544'),
(249, 22, 5, '879572926'),
(184, 47, 4, '889909640'),
(276, 58, 4, '874791169'),
(145, 25, 2, '875270655'),
(1, 27, 2, '876892946'),
(272, 8, 4, '879455015'),
(286, 100, 3, '876521650'),
(106, 69, 4, '881449886'),
(276, 76, 4, '874791506'),
(307, 22, 3, '879205470'),
(80, 50, 3, '887401533'),
(82, 69, 4, '878769948'),
(83, 95, 4, '880308453'),
(17, 9, 3, '885272558'),
(326, 54, 3, '879876300'),
(13, 29, 2, '882397833'),
(296, 83, 5, '884199624'),
(201, 4, 4, '884111830'),
(43, 15, 5, '875975546'),
(303, 99, 4, '879467514'),
(280, 86, 4, '891700475'),
(117, 1, 4, '880126083'),
(201, 26, 4, '884111927'),
(104, 100, 4, '888465166'),
(95, 96, 4, '879196298'),
(49, 1, 2, '888068651'),
(301, 11, 4, '882076291'),
(336, 66, 3, '877756126'),
(331, 47, 5, '877196235'),
(308, 60, 3, '887737760'),
(263, 97, 4, '891299387'),
(293, 87, 4, '888907015'),
(115, 11, 4, '881171348'),
(239, 98, 5, '889180410'),
(322, 50, 5, '887314418'),
(64, 2, 3, '889737609'),
(28, 50, 4, '881957090'),
(291, 53, 5, '874834827'),
(280, 96, 4, '891700664'),
(18, 69, 3, '880129527'),
(110, 79, 4, '886988480'),
(1, 82, 5, '878542589'),
(13, 45, 3, '882139863'),
(128, 83, 5, '879967691'),
(267, 50, 5, '878974783'),
(1, 56, 4, '875072716'),
(235, 100, 4, '889655550'),
(184, 14, 4, '889907738'),
(270, 70, 5, '876955066'),
(244, 95, 4, '880606418'),
(334, 52, 4, '891548579'),
(136, 14, 5, '882693338'),
(311, 99, 5, '884365075'),
(234, 72, 3, '892335674'),
(328, 43, 3, '886038224'),
(201, 87, 3, '884111775'),
(28, 12, 4, '881956853'),
(328, 10, 4, '885047099'),
(85, 86, 4, '879454189'),
(151, 7, 4, '879524610'),
(1, 80, 4, '876893008'),
(314, 73, 4, '877889205'),
(312, 98, 4, '891698300'),
(94, 79, 4, '885882967'),
(109, 62, 3, '880578711'),
(291, 17, 4, '874834850'),
(277, 24, 4, '879543931'),
(296, 32, 4, '884197131'),
(198, 51, 3, '884208455'),
(13, 2, 3, '882397650'),
(44, 55, 4, '882397650'),
(276, 56, 5, '874791623'),
(37, 56, 5, '880915810'),
(246, 98, 4, '884921428'),
(130, 71, 5, '875801695'),
(130, 50, 5, '874953665'),
(125, 22, 5, '892836395'),
(69, 56, 5, '882145428'),
(215, 89, 4, '891435060'),
(213, 25, 4, '878870750'),
(106, 45, 3, '881453290'),
(151, 66, 4, '879524974'),
(276, 66, 3, '874791993'),
(269, 76, 3, '891448456'),
(123, 22, 4, '879809943'),
(56, 79, 4, '892676303'),
(318, 47, 2, '884496855'),
(263, 86, 4, '891299574'),
(294, 10, 3, '877819490'),
(72, 89, 3, '880037164'),
(80, 87, 4, '887401307'),
(85, 56, 4, '879453587'),
(194, 56, 5, '879521936'),
(110, 82, 4, '886988480'),
(334, 93, 4, '891545020'),
(12, 82, 4, '879959610'),
(109, 90, 3, '880583192'),
(13, 64, 5, '882140037'),
(82, 64, 5, '878770169'),
(251, 55, 3, '886271856'),
(42, 70, 3, '881109148'),
(10, 4, 4, '877889130'),
(62, 96, 4, '879374835'),
(8, 79, 4, '879362286'),
(334, 86, 4, '891548295'),
(308, 54, 2, '887740254'),
(186, 53, 1, '879023882'),
(311, 94, 3, '884366187'),
(201, 98, 4, '884111312'),
(201, 32, 3, '884140049'),
(298, 98, 4, '884127720'),
(23, 88, 3, '874787410'),
(334, 100, 5, '891544707'),
(72, 79, 4, '880037119'),
(213, 8, 3, '878955564'),
(82, 13, 2, '878768615'),
(83, 77, 4, '880308426'),
(283, 83, 4, '879298239'),
(43, 7, 4, '875975520'),
(286, 13, 2, '876521933'),
(262, 50, 2, '879962366'),
(23, 90, 2, '874787370'),
(106, 97, 5, '881450810'),
(156, 58, 4, '888185906'),
(271, 13, 4, '885847714'),
(94, 99, 3, '891721815'),
(339, 55, 3, '891032765'),
(223, 1, 4, '891549324'),
(331, 69, 5, '877196384'),
(65, 70, 1, '879216529'),
(128, 77, 3, '879968447'),
(167, 48, 1, '892738277'),
(115, 69, 1, '881171825'),
(280, 100, 3, '891700385'),
(308, 4, 5, '887737890'),
(262, 71, 4, '879794951'),
(58, 42, 4, '884304936'),
(77, 23, 4, '884753173'),
(95, 15, 4, '879195062'),
(305, 76, 1, '886323506'),
(314, 54, 4, '877888892'),
(158, 8, 5, '880134948'),
(92, 87, 3, '876175077'),
(95, 33, 3, '880571704'),
(221, 17, 4, '875245406'),
(230, 50, 5, '880484755'),
(97, 7, 5, '884238939'),
(327, 93, 4, '887744432'),
(237, 23, 4, '879376606'),
(92, 85, 3, '875812364'),
(338, 79, 4, '879438715'),
(187, 70, 4, '879465394'),
(194, 62, 2, '879524504'),
(70, 71, 3, '884066399'),
(49, 72, 2, '888069246'),
(339, 47, 4, '891032701'),
(175, 31, 4, '877108051'),
(138, 100, 5, '879022956'),
(252, 9, 5, '891456797'),
(301, 95, 5, '882076334'),
(63, 6, 3, '875747439'),
(297, 86, 5, '875238883'),
(320, 11, 4, '884749255'),
(148, 98, 3, '877017714'),
(102, 66, 3, '892992129'),
(279, 67, 4, '875310419'),
(158, 42, 3, '880134913'),
(102, 67, 1, '892993706'),
(249, 58, 5, '879572516'),
(262, 15, 3, '879962366'),
(215, 82, 3, '891435995'),
(160, 93, 5, '876767572'),
(328, 4, 3, '885047895'),
(246, 99, 3, '884922657'),
(41, 31, 3, '890687473'),
(6, 19, 4, '883602965'),
(288, 97, 4, '886629750'),
(130, 55, 5, '875216507'),
(136, 56, 4, '882848783'),
(74, 15, 4, '888333542'),
(329, 98, 4, '891656300'),
(64, 100, 4, '879365558'),
(330, 51, 5, '876546753'),
(161, 14, 4, '891171413'),
(18, 82, 3, '880131236'),
(22, 29, 1, '878888228'),
(96, 8, 5, '884403020'),
(297, 12, 5, '875239619'),
(102, 89, 4, '888801315'),
(343, 55, 3, '876405129'),
(13, 90, 3, '882141872'),
(7, 92, 5, '891352010'),
(62, 8, 5, '879373820'),
(197, 68, 2, '891410082'),
(26, 9, 4, '891386369'),
(297, 31, 3, '881708087'),
(221, 100, 5, '875244125');

-- --------------------------------------------------------

--
-- Struktur dari tabel `item`
--

CREATE TABLE `item` (
  `id_item` int(5) NOT NULL,
  `movie` varchar(50) NOT NULL,
  `release_date` year(4) NOT NULL,
  `video_release_date` date NOT NULL,
  `imdb_url` varchar(300) NOT NULL,
  `unknown` varchar(15) DEFAULT NULL,
  `action` varchar(15) DEFAULT NULL,
  `adventure` varchar(15) DEFAULT NULL,
  `animation` varchar(15) DEFAULT NULL,
  `children` varchar(15) DEFAULT NULL,
  `comedy` varchar(15) DEFAULT NULL,
  `crime` varchar(15) DEFAULT NULL,
  `documentary` varchar(15) DEFAULT NULL,
  `drama` varchar(15) DEFAULT NULL,
  `fantasy` varchar(15) DEFAULT NULL,
  `film_noir` varchar(15) DEFAULT NULL,
  `horror` varchar(15) DEFAULT NULL,
  `musical` varchar(15) DEFAULT NULL,
  `mystery` varchar(15) DEFAULT NULL,
  `romance` varchar(15) DEFAULT NULL,
  `sci_fi` varchar(15) DEFAULT NULL,
  `thriller` varchar(15) DEFAULT NULL,
  `war` varchar(15) DEFAULT NULL,
  `western` varchar(15) DEFAULT NULL
) ENGINE=InnoDB DEFAULT CHARSET=utf8mb4;

--
-- Dumping data untuk tabel `item`
--

INSERT INTO `item` (`id_item`, `movie`, `release_date`, `video_release_date`, `imdb_url`, `unknown`, `action`, `adventure`, `animation`, `children`, `comedy`, `crime`, `documentary`, `drama`, `fantasy`, `film_noir`, `horror`, `musical`, `mystery`, `romance`, `sci_fi`, `thriller`, `war`, `western`) VALUES
(1, 'Toy Story', 1995, '1995-01-01', 'http://us.imdb.com/M/title-exact?Toy%20Story%20', NULL, NULL, NULL, 'Animation', 'Children\'s', 'Comedy', NULL, NULL, NULL, NULL, NULL, NULL, NULL, NULL, NULL, NULL, NULL, NULL, NULL),
(2, 'GoldenEye', 1995, '1995-01-01', 'http://us.imdb.com/M/title-exact?GoldenEye%20', NULL, 'Action', 'Adventure', NULL, NULL, NULL, NULL, NULL, NULL, NULL, NULL, NULL, NULL, NULL, NULL, NULL, 'Thriller', NULL, NULL),
(3, 'Four Rooms', 1995, '1995-01-01', 'http://us.imdb.com/M/title-exact?Four%20Rooms%20', NULL, NULL, NULL, NULL, NULL, NULL, NULL, NULL, NULL, NULL, NULL, NULL, NULL, NULL, NULL, NULL, 'Thriller', NULL, NULL),
(4, 'Get Shorty', 1995, '1995-01-01', 'http://us.imdb.com/M/title-exact?Get%20Shorty%20', NULL, 'Action', NULL, NULL, NULL, 'Comedy', NULL, NULL, 'Drama', NULL, NULL, NULL, NULL, NULL, NULL, NULL, NULL, NULL, NULL),
(5, 'Copycat', 1995, '1995-01-01', 'http://us.imdb.com/M/title-exact?Copycat%20', NULL, NULL, NULL, NULL, NULL, NULL, NULL, NULL, 'Drama', NULL, NULL, NULL, NULL, NULL, NULL, NULL, 'Thriller', NULL, NULL),
(6, 'Shanghai Triad (Yao a yao yao dao waipo qiao)', 1995, '1995-01-01', 'http://us.imdb.com/Title?Yao+a+yao+yao+dao+waipo+qiao+', NULL, NULL, NULL, NULL, NULL, NULL, NULL, NULL, 'Drama', NULL, NULL, NULL, NULL, NULL, NULL, NULL, NULL, NULL, NULL),
(7, 'Twelve Monkeys', 1995, '1995-01-01', 'http://us.imdb.com/M/title-exact?Twelve%20Monkeys%20', NULL, NULL, NULL, NULL, NULL, NULL, NULL, NULL, 'Drama', NULL, NULL, NULL, NULL, NULL, NULL, 'Sci-Fi', NULL, NULL, NULL),
(8, 'Babe', 1995, '1995-01-01', 'http://us.imdb.com/M/title-exact?Babe%20', NULL, NULL, NULL, NULL, 'Children\'s', 'Comedy', NULL, NULL, 'Drama', NULL, NULL, NULL, NULL, NULL, NULL, NULL, NULL, NULL, NULL),
(9, 'Dead Man Walking', 1995, '1995-01-01', 'http://us.imdb.com/M/title-exact?Dead%20Man%20Walking%20', NULL, NULL, NULL, NULL, NULL, NULL, NULL, NULL, 'Drama', NULL, NULL, NULL, NULL, NULL, NULL, NULL, NULL, NULL, NULL),
(10, 'Richard III', 0000, '1996-01-22', 'http://us.imdb.com/M/title-exact?Richard%20III%20', NULL, NULL, NULL, NULL, NULL, NULL, NULL, NULL, 'Drama', NULL, NULL, NULL, NULL, NULL, NULL, NULL, NULL, 'War', NULL),
(11, 'Seven (Se7en)', 1995, '1995-01-01', 'http://us.imdb.com/M/title-exact?Se7en%20', NULL, NULL, NULL, NULL, NULL, NULL, NULL, NULL, NULL, NULL, NULL, NULL, NULL, NULL, NULL, NULL, 'Thriller', NULL, NULL),
(12, 'Usual Suspects', 1995, '1995-08-14', 'http://us.imdb.com/M/title-exact?Usual%20Suspects,%20The%20', NULL, NULL, NULL, NULL, NULL, NULL, NULL, NULL, NULL, NULL, NULL, NULL, NULL, NULL, NULL, NULL, 'Thriller', NULL, NULL),
(13, 'Mighty Aphrodite', 1995, '1995-10-30', 'http://us.imdb.com/M/title-exact?Mighty%20Aphrodite%20', NULL, NULL, NULL, NULL, NULL, 'Comedy', NULL, NULL, NULL, NULL, NULL, NULL, NULL, NULL, NULL, NULL, NULL, NULL, NULL),
(14, 'Postino, Il', 1994, '1994-01-01', 'http://us.imdb.com/M/title-exact?Postino,%20Il%20', NULL, NULL, NULL, NULL, NULL, NULL, NULL, NULL, 'Drama', NULL, NULL, NULL, NULL, NULL, 'Romance', NULL, NULL, NULL, NULL),
(15, 'Mr. Holland\'s Opus', 1995, '1996-01-29', 'http://us.imdb.com/M/title-exact?Mr.%20Holland\'s%20Opus%20', NULL, NULL, NULL, NULL, NULL, NULL, NULL, NULL, 'Drama', NULL, NULL, NULL, NULL, NULL, NULL, NULL, NULL, NULL, NULL),
(16, 'French Twist (Gazon maudit)', 1995, '1995-01-01', 'http://us.imdb.com/M/title-exact?Gazon%20maudit%20', NULL, NULL, NULL, NULL, NULL, 'Comedy', NULL, NULL, NULL, NULL, NULL, NULL, NULL, NULL, 'Romance', NULL, NULL, NULL, NULL),
(17, 'From Dusk Till Dawn', 1996, '1996-02-05', 'http://us.imdb.com/M/title-exact?From%20Dusk%20Till%20Dawn%20', NULL, 'Action', NULL, NULL, NULL, 'Comedy', NULL, NULL, NULL, NULL, NULL, 'Horror', NULL, NULL, NULL, NULL, 'Thriller', NULL, NULL),
(18, 'White Balloon, The', 1995, '1995-01-01', 'http://us.imdb.com/M/title-exact?Badkonake%20Sefid%20', NULL, NULL, NULL, NULL, NULL, NULL, NULL, NULL, 'Drama', NULL, NULL, NULL, NULL, NULL, NULL, NULL, NULL, NULL, NULL),
(19, 'Antonia\'s Line', 1995, '1995-01-01', 'http://us.imdb.com/M/title-exact?Antonia%20', NULL, NULL, NULL, NULL, NULL, NULL, NULL, NULL, 'Drama', NULL, NULL, NULL, NULL, NULL, NULL, NULL, NULL, NULL, NULL),
(20, 'Angels and Insects', 1995, '1995-01-01', 'http://us.imdb.com/M/title-exact?Angels%20and%20Insects%20', NULL, NULL, NULL, NULL, NULL, NULL, NULL, NULL, 'Drama', NULL, NULL, NULL, NULL, NULL, 'Romance', NULL, NULL, NULL, NULL),
(21, 'Muppet Treasure Island', 1996, '1996-02-16', 'http://us.imdb.com/M/title-exact?Muppet%20Treasure%20Island%20', NULL, 'Action', 'Adventure', NULL, NULL, 'Comedy', NULL, NULL, NULL, NULL, NULL, NULL, 'Musical', NULL, NULL, NULL, 'Thriller', NULL, NULL),
(22, 'Braveheart', 1995, '1996-02-16', 'http://us.imdb.com/M/title-exact?Braveheart%20', NULL, 'Action', NULL, NULL, NULL, NULL, NULL, NULL, 'Drama', NULL, NULL, NULL, NULL, NULL, NULL, NULL, NULL, 'War', NULL),
(23, 'Taxi Driver', 1976, '1996-02-16', 'http://us.imdb.com/M/title-exact?Taxi%20Driver%20', NULL, NULL, NULL, NULL, NULL, NULL, NULL, NULL, 'Drama', NULL, NULL, NULL, NULL, NULL, NULL, NULL, 'Thriller', NULL, NULL),
(24, 'Rumble in the Bronx', 1995, '1996-02-23', 'http://us.imdb.com/M/title-exact?Hong%20Faan%20Kui%20', NULL, 'Action', 'Adventure', NULL, NULL, NULL, NULL, NULL, NULL, NULL, NULL, NULL, NULL, NULL, NULL, NULL, NULL, NULL, NULL),
(25, 'Birdcage, The', 1996, '1996-03-08', 'http://us.imdb.com/M/title-exact?Birdcage,%20The%20', NULL, NULL, NULL, NULL, NULL, 'Comedy', NULL, NULL, NULL, NULL, NULL, NULL, NULL, NULL, NULL, NULL, NULL, NULL, NULL),
(26, 'Brothers McMullen, The', 1995, '1995-01-01', 'http://us.imdb.com/M/title-exact?Brothers%20McMullen,%20The%20', NULL, NULL, NULL, NULL, NULL, 'Comedy', NULL, NULL, NULL, NULL, NULL, NULL, NULL, NULL, NULL, NULL, NULL, NULL, NULL),
(27, 'Bad Boys', 1995, '1995-01-01', 'http://us.imdb.com/M/title-exact?Bad%20Boys%20', NULL, 'Action', NULL, NULL, NULL, NULL, NULL, NULL, NULL, NULL, NULL, NULL, NULL, NULL, NULL, NULL, NULL, NULL, NULL),
(28, 'Apollo 13', 1995, '1995-01-01', 'http://us.imdb.com/M/title-exact?Apollo%2013%20', NULL, 'Action', NULL, NULL, NULL, NULL, NULL, NULL, 'Drama', NULL, NULL, NULL, NULL, NULL, NULL, NULL, 'Thriller', NULL, NULL),
(29, 'Batman Forever', 1995, '1995-01-01', 'http://us.imdb.com/M/title-exact?Batman%20Forever%20', NULL, 'Action', 'Adventure', NULL, NULL, 'Comedy', NULL, NULL, NULL, NULL, NULL, NULL, NULL, NULL, NULL, NULL, NULL, NULL, NULL),
(30, 'Belle de jour', 1967, '1967-01-01', 'http://us.imdb.com/M/title-exact?Belle%20de%20jour%20', NULL, NULL, NULL, NULL, NULL, NULL, NULL, NULL, 'Drama', NULL, NULL, NULL, NULL, NULL, NULL, NULL, NULL, NULL, NULL),
(31, 'Crimson Tide', 1995, '1995-01-01', 'http://us.imdb.com/M/title-exact?Crimson%20Tide%20', NULL, NULL, NULL, NULL, NULL, NULL, NULL, NULL, 'Drama', NULL, NULL, NULL, NULL, NULL, NULL, NULL, 'Thriller', 'War', NULL),
(32, 'Crumb', 1994, '1994-01-01', 'http://us.imdb.com/M/title-exact?Crumb%20', NULL, NULL, NULL, NULL, NULL, NULL, NULL, 'Documentary', NULL, NULL, NULL, NULL, NULL, NULL, NULL, NULL, NULL, NULL, NULL),
(33, 'Desperado', 1995, '1995-01-01', 'http://us.imdb.com/M/title-exact?Desperado%20', NULL, 'Action', NULL, NULL, NULL, NULL, NULL, NULL, NULL, NULL, NULL, NULL, NULL, NULL, 'Romance', NULL, 'Thriller', NULL, NULL),
(34, 'Doom Generation, The', 1995, '1995-01-01', 'http://us.imdb.com/M/title-exact?Doom%20Generation,%20The%20', NULL, NULL, NULL, NULL, NULL, 'Comedy', NULL, NULL, 'Drama', NULL, NULL, NULL, NULL, NULL, NULL, NULL, NULL, NULL, NULL),
(35, 'Free Willy 2: The Adventure Home', 1995, '1995-01-01', 'http://us.imdb.com/M/title-exact?Free%20Willy%202:%20The%20Adventure%20Home%20', NULL, NULL, 'Adventure', NULL, 'Children\'s', NULL, NULL, NULL, 'Drama', NULL, NULL, NULL, NULL, NULL, NULL, NULL, NULL, NULL, NULL),
(36, 'Mad Love', 1995, '1995-01-01', 'http://us.imdb.com/M/title-exact?Mad%20Love%20', NULL, NULL, NULL, NULL, NULL, NULL, NULL, NULL, 'Drama', NULL, NULL, NULL, NULL, NULL, 'Romance', NULL, NULL, NULL, NULL),
(37, 'Nadja', 1994, '1994-01-01', 'http://us.imdb.com/M/title-exact?Nadja%20', NULL, NULL, NULL, NULL, NULL, NULL, NULL, NULL, 'Drama', NULL, NULL, NULL, NULL, NULL, NULL, NULL, NULL, NULL, NULL),
(38, 'Net, The', 1995, '1995-01-01', 'http://us.imdb.com/M/title-exact?Net,%20The%20', NULL, NULL, NULL, NULL, NULL, NULL, NULL, NULL, NULL, NULL, NULL, NULL, NULL, NULL, NULL, 'Sci-Fi', 'Thriller', NULL, NULL),
(39, 'Strange Days', 1995, '1995-01-01', 'http://us.imdb.com/M/title-exact?Strange%20Days%20', NULL, 'Action', NULL, NULL, NULL, NULL, NULL, NULL, NULL, NULL, NULL, NULL, NULL, NULL, NULL, 'Sci-Fi', NULL, NULL, NULL),
(40, 'To Wong Foo, Thanks for Everything! Julie Newmar', 1995, '1995-01-01', 'http://us.imdb.com/M/title-exact?To%20Wong%20Foo,%20Thanks%20for%20Everything!%20Julie%20Newmar%20', NULL, NULL, NULL, NULL, NULL, 'Comedy', NULL, NULL, NULL, NULL, NULL, NULL, NULL, NULL, NULL, NULL, NULL, NULL, NULL),
(41, 'Billy Madison', 1995, '1995-01-01', 'http://us.imdb.com/M/title-exact?Billy%20Madison%20', NULL, NULL, NULL, NULL, NULL, 'Comedy', NULL, NULL, NULL, NULL, NULL, NULL, NULL, NULL, NULL, NULL, NULL, NULL, NULL),
(42, 'Clerks', 1994, '1994-01-01', 'http://us.imdb.com/M/title-exact?Clerks%20', NULL, NULL, NULL, NULL, NULL, 'Comedy', NULL, NULL, NULL, NULL, NULL, NULL, NULL, NULL, NULL, NULL, NULL, NULL, NULL),
(43, 'Disclosure', 1994, '1994-01-01', 'http://us.imdb.com/M/title-exact?Disclosure%20', NULL, NULL, NULL, NULL, NULL, NULL, NULL, NULL, 'Drama', NULL, NULL, NULL, NULL, NULL, NULL, NULL, 'Thriller', NULL, NULL),
(44, 'Dolores Claiborne', 1994, '1994-01-01', 'http://us.imdb.com/M/title-exact?Dolores%20Claiborne%20', NULL, NULL, NULL, NULL, NULL, NULL, NULL, NULL, 'Drama', NULL, NULL, NULL, NULL, NULL, NULL, NULL, 'Thriller', NULL, NULL),
(45, 'Eat Drink Man Woman', 1994, '1994-01-01', 'http://us.imdb.com/M/title-exact?Yinshi%20Nan%20Nu%20', NULL, NULL, NULL, NULL, NULL, 'Comedy', NULL, NULL, 'Drama', NULL, NULL, NULL, NULL, NULL, NULL, NULL, NULL, NULL, NULL),
(46, 'Exotica', 1994, '1994-01-01', 'http://us.imdb.com/M/title-exact?Exotica%20', NULL, NULL, NULL, NULL, NULL, NULL, NULL, NULL, 'Drama', NULL, NULL, NULL, NULL, NULL, NULL, NULL, NULL, NULL, NULL),
(47, 'Ed Wood', 1994, '1994-01-01', 'http://us.imdb.com/M/title-exact?Ed%20Wood%20', NULL, NULL, NULL, NULL, NULL, 'Comedy', NULL, NULL, 'Drama', NULL, NULL, NULL, NULL, NULL, NULL, NULL, NULL, NULL, NULL),
(48, 'Hoop Dreams', 1994, '1994-01-01', 'http://us.imdb.com/M/title-exact?Hoop%20Dreams%20', NULL, NULL, NULL, NULL, NULL, NULL, NULL, 'Documentary', NULL, NULL, NULL, NULL, NULL, NULL, NULL, NULL, NULL, NULL, NULL),
(49, 'I.Q.', 1994, '1994-01-01', 'http://us.imdb.com/M/title-exact?I.Q.%20', NULL, NULL, NULL, NULL, NULL, 'Comedy', NULL, NULL, NULL, NULL, NULL, NULL, NULL, NULL, 'Romance', NULL, NULL, NULL, NULL),
(50, 'Star Wars', 1977, '1977-01-01', 'http://us.imdb.com/M/title-exact?Star%20Wars%20', NULL, 'Action', 'Adventure', NULL, NULL, NULL, NULL, NULL, NULL, NULL, NULL, NULL, NULL, NULL, 'Romance', 'Sci-Fi', NULL, 'War', NULL),
(51, 'Legends of the Fall', 1994, '1994-01-01', 'http://us.imdb.com/M/title-exact?Legends%20of%20the%20Fall%20', NULL, NULL, NULL, NULL, NULL, NULL, NULL, NULL, 'Drama', NULL, NULL, NULL, NULL, NULL, 'Romance', NULL, NULL, 'War', 'Western'),
(52, 'Madness of King George, The', 1994, '1994-01-01', 'http://us.imdb.com/M/title-exact?Madness%20of%20King%20George,%20The%20', NULL, NULL, NULL, NULL, NULL, NULL, NULL, NULL, 'Drama', NULL, NULL, NULL, NULL, NULL, NULL, NULL, NULL, NULL, NULL),
(53, 'Natural Born Killers', 1994, '1994-01-01', 'http://us.imdb.com/M/title-exact?Natural%20Born%20Killers%20', NULL, 'Action', NULL, NULL, NULL, NULL, NULL, NULL, NULL, NULL, NULL, NULL, NULL, NULL, NULL, NULL, 'Thriller', NULL, NULL),
(54, 'Outbreak', 1995, '1995-01-01', 'http://us.imdb.com/M/title-exact?Outbreak%20', NULL, 'Action', NULL, NULL, NULL, NULL, NULL, NULL, 'Drama', NULL, NULL, NULL, NULL, NULL, NULL, NULL, 'Thriller', NULL, NULL),
(55, 'Professional, The', 1994, '1994-01-01', 'http://us.imdb.com/Title?L%E9on+', NULL, NULL, NULL, NULL, NULL, NULL, NULL, NULL, 'Drama', NULL, NULL, NULL, NULL, NULL, 'Romance', NULL, 'Thriller', NULL, NULL),
(56, 'Pulp Fiction', 1994, '1994-01-01', 'http://us.imdb.com/M/title-exact?Pulp%20Fiction%20', NULL, NULL, NULL, NULL, NULL, NULL, NULL, NULL, 'Drama', NULL, NULL, NULL, NULL, NULL, NULL, NULL, NULL, NULL, NULL),
(57, 'Priest', 1994, '1994-01-01', 'http://us.imdb.com/M/title-exact?Priest%20', NULL, NULL, NULL, NULL, NULL, NULL, NULL, NULL, 'Drama', NULL, NULL, NULL, NULL, NULL, NULL, NULL, NULL, NULL, NULL),
(58, 'Quiz Show', 1994, '1994-01-01', 'http://us.imdb.com/M/title-exact?Quiz%20Show%20', NULL, NULL, NULL, NULL, NULL, NULL, NULL, NULL, 'Drama', NULL, NULL, NULL, NULL, NULL, NULL, NULL, NULL, NULL, NULL),
(59, 'Three Colors: Red', 1994, '1994-01-01', 'http://us.imdb.com/M/title-exact?Trzy%20kolory:%20Czerwony%20', NULL, NULL, NULL, NULL, NULL, NULL, NULL, NULL, 'Drama', NULL, NULL, NULL, NULL, NULL, NULL, NULL, NULL, NULL, NULL),
(60, 'Three Colors: Blue', 1993, '1993-01-01', 'http://us.imdb.com/M/title-exact?Trzy%20kolory:%20Niebieski%20', NULL, NULL, NULL, NULL, NULL, NULL, NULL, NULL, 'Drama', NULL, NULL, NULL, NULL, NULL, NULL, NULL, NULL, NULL, NULL),
(61, 'Three Colors: White', 1994, '1994-01-01', 'http://us.imdb.com/M/title-exact?Trzy%20kolory:%20Bialy%20', NULL, NULL, NULL, NULL, NULL, NULL, NULL, NULL, 'Drama', NULL, NULL, NULL, NULL, NULL, NULL, NULL, NULL, NULL, NULL),
(62, 'Stargate', 1994, '1994-01-01', 'http://us.imdb.com/M/title-exact?Stargate%20', NULL, 'Action', 'Adventure', NULL, NULL, NULL, NULL, NULL, NULL, NULL, NULL, NULL, NULL, NULL, NULL, 'Sci-Fi', NULL, NULL, NULL),
(63, 'Santa Clause, The', 1994, '1994-01-01', 'http://us.imdb.com/M/title-exact?Santa%20Clause,%20The%20', NULL, NULL, NULL, NULL, 'Children\'s', 'Comedy', NULL, NULL, NULL, NULL, NULL, NULL, NULL, NULL, NULL, NULL, NULL, NULL, NULL),
(64, 'Shawshank Redemption, The', 1994, '1994-01-01', 'http://us.imdb.com/M/title-exact?Shawshank%20Redemption,%20The%20', NULL, NULL, NULL, NULL, NULL, NULL, NULL, NULL, 'Drama', NULL, NULL, NULL, NULL, NULL, NULL, NULL, NULL, NULL, NULL),
(65, 'What\'s Eating Gilbert Grape', 1993, '1993-01-01', 'http://us.imdb.com/M/title-exact?What\'s%20Eating%20Gilbert%20Grape%20', NULL, NULL, NULL, NULL, NULL, 'Comedy', NULL, NULL, 'Drama', NULL, NULL, NULL, NULL, NULL, NULL, NULL, NULL, NULL, NULL),
(66, 'While You Were Sleeping', 1995, '1995-01-01', 'http://us.imdb.com/M/title-exact?While%20You%20Were%20Sleeping%20', NULL, NULL, NULL, NULL, NULL, 'Comedy', NULL, NULL, NULL, NULL, NULL, NULL, NULL, NULL, 'Romance', NULL, NULL, NULL, NULL),
(67, 'Ace Ventura: Pet Detective', 1994, '1994-01-01', 'http://us.imdb.com/M/title-exact?Ace%20Ventura:%20Pet%20Detective%20', NULL, NULL, NULL, NULL, NULL, 'Comedy', NULL, NULL, NULL, NULL, NULL, NULL, NULL, NULL, NULL, NULL, NULL, NULL, NULL),
(68, 'Crow, The', 1994, '1994-01-01', 'http://us.imdb.com/M/title-exact?Crow,%20The%20', NULL, 'Action', NULL, NULL, NULL, NULL, NULL, NULL, NULL, NULL, NULL, NULL, NULL, NULL, 'Romance', NULL, 'Thriller', NULL, NULL),
(69, 'Forrest Gump', 1994, '1994-01-01', 'http://us.imdb.com/M/title-exact?Forrest%20Gump%20', NULL, NULL, NULL, NULL, NULL, 'Comedy', NULL, NULL, NULL, NULL, NULL, NULL, NULL, NULL, 'Romance', NULL, NULL, 'War', NULL),
(70, 'Four Weddings and a Funeral', 1994, '1994-01-01', 'http://us.imdb.com/M/title-exact?Four%20Weddings%20and%20a%20Funeral%20', NULL, NULL, NULL, NULL, NULL, 'Comedy', NULL, NULL, NULL, NULL, NULL, NULL, NULL, NULL, 'Romance', NULL, NULL, NULL, NULL),
(71, 'Lion King, The', 1994, '1994-01-01', 'http://us.imdb.com/M/title-exact?Lion%20King,%20The%20', NULL, NULL, NULL, 'Animation', 'Children\'s', NULL, NULL, NULL, NULL, NULL, NULL, NULL, 'Musical', NULL, NULL, NULL, NULL, NULL, NULL),
(72, 'Mask, The`', 1994, '1994-01-01', 'http://us.imdb.com/M/title-exact?Mask,%20The%20', NULL, NULL, NULL, NULL, NULL, 'Comedy', NULL, NULL, NULL, 'Fantasy', NULL, NULL, NULL, NULL, NULL, NULL, NULL, NULL, NULL),
(73, 'Maverick', 1994, '1994-01-01', 'http://us.imdb.com/M/title-exact?Maverick%20', NULL, 'Action', NULL, NULL, NULL, 'Comedy', NULL, NULL, NULL, NULL, NULL, NULL, NULL, NULL, NULL, NULL, NULL, NULL, 'Western'),
(74, 'Faster Pussycat! Kill! Kill!', 1965, '1965-01-01', 'http://us.imdb.com/M/title-exact?Faster%20Pussycat!%20Kill!%20Kill!%20', NULL, 'Action', NULL, NULL, NULL, 'Comedy', NULL, NULL, 'Drama', NULL, NULL, NULL, NULL, NULL, NULL, NULL, NULL, NULL, NULL),
(75, 'Brother Minister: The Assassination of Malcolm X', 1994, '1994-01-01', 'http://us.imdb.com/M/title-exact?Brother%20Minister:%20The%20Assassination%20of%20Malcolm%20X%20', NULL, NULL, NULL, NULL, NULL, NULL, NULL, 'Documentary', NULL, NULL, NULL, NULL, NULL, NULL, NULL, NULL, NULL, NULL, NULL),
(76, 'Carlito\'s Way', 1993, '1993-01-01', 'http://us.imdb.com/M/title-exact?Carlito\'s%20Way%20', NULL, NULL, NULL, NULL, NULL, NULL, NULL, NULL, 'Drama', NULL, NULL, NULL, NULL, NULL, NULL, NULL, NULL, NULL, NULL),
(77, 'Firm, The', 1993, '1993-01-01', 'http://us.imdb.com/M/title-exact?Firm,%20The%20', NULL, NULL, NULL, NULL, NULL, NULL, NULL, NULL, 'Drama', NULL, NULL, NULL, NULL, NULL, NULL, NULL, 'Thriller', NULL, NULL),
(78, 'Free Willy', 1993, '1993-01-01', 'http://us.imdb.com/M/title-exact?Free%20Willy%20', NULL, NULL, 'Adventure', NULL, 'Children\'s', NULL, NULL, NULL, 'Drama', NULL, NULL, NULL, NULL, NULL, NULL, NULL, NULL, NULL, NULL),
(79, 'Fugitive, The', 1993, '1993-01-01', 'http://us.imdb.com/M/title-exact?Fugitive,%20The%20', NULL, 'Action', NULL, NULL, NULL, NULL, NULL, NULL, NULL, NULL, NULL, NULL, NULL, NULL, NULL, NULL, 'Thriller', NULL, NULL),
(80, 'Hot Shots! Part Deux', 1993, '1993-01-01', 'http://us.imdb.com/M/title-exact?Hot%20Shots!%20Part%20Deux%20', NULL, 'Action', NULL, NULL, NULL, 'Comedy', NULL, NULL, NULL, NULL, NULL, NULL, NULL, NULL, NULL, NULL, NULL, 'War', NULL),
(81, 'Hudsucker Proxy, The', 1994, '1994-01-01', 'http://us.imdb.com/M/title-exact?Hudsucker%20Proxy,%20The%20', NULL, NULL, NULL, NULL, NULL, 'Comedy', NULL, NULL, NULL, NULL, NULL, NULL, NULL, NULL, 'Romance', NULL, NULL, NULL, NULL),
(82, 'Jurassic Park', 1993, '1993-01-01', 'http://us.imdb.com/M/title-exact?Jurassic%20Park%20', NULL, 'Action', 'Adventure', NULL, NULL, NULL, NULL, NULL, NULL, NULL, NULL, NULL, NULL, NULL, NULL, 'Sci-Fi', NULL, NULL, NULL),
(83, 'Much Ado About Nothing', 1993, '1993-01-01', 'http://us.imdb.com/M/title-exact?Much%20Ado%20About%20Nothing%20', NULL, NULL, NULL, NULL, NULL, 'Comedy', NULL, NULL, NULL, NULL, NULL, NULL, NULL, NULL, 'Romance', NULL, NULL, NULL, NULL),
(84, 'Robert A. Heinlein\'s The Puppet Masters', 1994, '1994-01-01', 'http://us.imdb.com/M/title-exact?Robert%20A.%20Heinlein\'s%20The%20Puppet%20Masters%20', NULL, NULL, NULL, NULL, NULL, NULL, NULL, NULL, NULL, NULL, NULL, 'Horror', NULL, NULL, NULL, 'Sci-Fi', NULL, NULL, NULL),
(85, 'Ref, The', 1994, '1994-01-01', 'http://us.imdb.com/M/title-exact?Ref,%20The%20', NULL, NULL, NULL, NULL, NULL, 'Comedy', NULL, NULL, NULL, NULL, NULL, NULL, NULL, NULL, NULL, NULL, NULL, NULL, NULL),
(86, 'Remains of the Day, The', 1993, '1993-01-01', 'http://us.imdb.com/M/title-exact?Remains%20of%20the%20Day,%20The%20', NULL, NULL, NULL, NULL, NULL, NULL, NULL, NULL, 'Drama', NULL, NULL, NULL, NULL, NULL, NULL, NULL, NULL, NULL, NULL),
(87, 'Searching for Bobby Fischer', 1993, '1993-01-01', 'http://us.imdb.com/M/title-exact?Searching%20for%20Bobby%20Fischer%20', NULL, NULL, NULL, NULL, NULL, NULL, NULL, NULL, 'Drama', NULL, NULL, NULL, NULL, NULL, NULL, NULL, NULL, NULL, NULL),
(88, 'Sleepless in Seattle', 1993, '1993-01-01', 'http://us.imdb.com/M/title-exact?Sleepless%20in%20Seattle%20', NULL, NULL, NULL, NULL, NULL, 'Comedy', NULL, NULL, NULL, NULL, NULL, NULL, NULL, NULL, 'Romance', NULL, NULL, NULL, NULL),
(89, 'Blade Runner', 1982, '1982-01-01', 'http://us.imdb.com/M/title-exact?Blade%20Runner%20', NULL, NULL, NULL, NULL, NULL, NULL, NULL, NULL, NULL, NULL, 'Film-Noir', NULL, NULL, NULL, NULL, 'Sci-Fi', NULL, NULL, NULL),
(90, 'So I Married an Axe Murderer', 1993, '1993-01-01', 'http://us.imdb.com/M/title-exact?So%20I%20Married%20an%20Axe%20Murderer%20', NULL, NULL, NULL, NULL, NULL, 'Comedy', NULL, NULL, NULL, NULL, NULL, NULL, NULL, NULL, 'Romance', NULL, 'Thriller', NULL, NULL),
(91, 'Nightmare Before Christmas, The', 1993, '1993-01-01', 'http://us.imdb.com/M/title-exact?Nightmare%20Before%20Christmas,%20The%20', NULL, NULL, NULL, NULL, 'Children\'s', 'Comedy', NULL, NULL, NULL, NULL, NULL, NULL, 'Musical', NULL, NULL, NULL, NULL, NULL, NULL),
(92, 'True Romance', 1993, '1993-01-01', 'http://us.imdb.com/M/title-exact?True%20Romance%20', NULL, 'Action', NULL, NULL, NULL, NULL, NULL, NULL, NULL, NULL, NULL, NULL, NULL, NULL, 'Romance', NULL, NULL, NULL, NULL),
(93, 'Welcome to the Dollhouse', 1995, '1996-05-24', 'http://us.imdb.com/Title?Welcome+to+the+Dollhouse+', NULL, NULL, NULL, NULL, NULL, 'Comedy', NULL, NULL, 'Drama', NULL, NULL, NULL, NULL, NULL, NULL, NULL, NULL, NULL, NULL),
(94, 'Home Alone', 1990, '1990-01-01', 'http://us.imdb.com/M/title-exact?Home%20Alone%20', NULL, NULL, NULL, NULL, 'Children\'s', 'Comedy', NULL, NULL, NULL, NULL, NULL, NULL, NULL, NULL, NULL, NULL, NULL, NULL, NULL),
(95, 'Aladdin', 1992, '1992-01-01', 'http://us.imdb.com/M/title-exact?Aladdin%20', NULL, NULL, NULL, 'Animation', 'Children\'s', 'Comedy', NULL, NULL, NULL, NULL, NULL, NULL, 'Musical', NULL, NULL, NULL, NULL, NULL, NULL),
(96, 'Terminator 2: Judgment Day', 1991, '1991-01-01', 'http://us.imdb.com/M/title-exact?Terminator%202:%20Judgment%20Day%20', NULL, 'Action', NULL, NULL, NULL, NULL, NULL, NULL, NULL, NULL, NULL, NULL, NULL, NULL, NULL, 'Sci-Fi', 'Thriller', NULL, NULL),
(97, 'Dances with Wolves', 1990, '1990-01-01', 'http://us.imdb.com/M/title-exact?Dances%20with%20Wolves%20', NULL, NULL, 'Adventure', NULL, NULL, NULL, NULL, NULL, 'Drama', NULL, NULL, NULL, NULL, NULL, NULL, NULL, NULL, NULL, 'Western'),
(98, 'Silence of the Lambs, The', 1991, '1991-01-01', 'http://us.imdb.com/M/title-exact?Silence%20of%20the%20Lambs,%20The%20', NULL, NULL, NULL, NULL, NULL, NULL, NULL, NULL, 'Drama', NULL, NULL, NULL, NULL, NULL, NULL, NULL, 'Thriller', NULL, NULL),
(99, 'Snow White and the Seven Dwarfs', 1937, '1937-01-01', 'http://us.imdb.com/M/title-exact?Snow%20White%20and%20the%20Seven%20Dwarfs%20', NULL, NULL, NULL, 'Animation', 'Children\'s', NULL, NULL, NULL, NULL, NULL, NULL, NULL, 'Musical', NULL, NULL, NULL, NULL, NULL, NULL),
(100, 'Fargo', 1996, '1997-02-14', 'http://us.imdb.com/M/title-exact?Fargo%20', NULL, NULL, NULL, NULL, NULL, NULL, NULL, NULL, 'Drama', NULL, NULL, NULL, NULL, NULL, NULL, NULL, 'Thriller', NULL, NULL);

-- --------------------------------------------------------

--
-- Struktur dari tabel `occupation`
--

CREATE TABLE `occupation` (
  `id_occupation` int(5) NOT NULL,
  `name_occupation` varchar(20) NOT NULL
) ENGINE=InnoDB DEFAULT CHARSET=utf8mb4;

--
-- Dumping data untuk tabel `occupation`
--

INSERT INTO `occupation` (`id_occupation`, `name_occupation`) VALUES
(1, 'Administrator'),
(2, 'Artist'),
(3, 'Doctor'),
(4, 'Educator'),
(5, 'Engineer'),
(6, 'Entertainment'),
(7, 'Executive'),
(8, 'Healthcare'),
(9, 'Homemaker'),
(10, 'Lawyer'),
(11, 'Librarian'),
(12, 'Marketing'),
(13, 'None'),
(14, 'Other'),
(15, 'Programmer'),
(16, 'Retired'),
(17, 'Salesman'),
(18, 'Scientist'),
(19, 'Student'),
(20, 'Technician'),
(21, 'Writer');

-- --------------------------------------------------------

--
-- Struktur dari tabel `rating_matrix`
--

CREATE TABLE `rating_matrix` (
  `id_user` int(5) DEFAULT NULL,
  `Rui_1` int(1) DEFAULT NULL,
  `Rui_2` int(1) DEFAULT NULL,
  `Rui_3` int(1) DEFAULT NULL,
  `Rui_4` int(1) DEFAULT NULL,
  `Rui_5` int(1) DEFAULT NULL,
  `Rui_6` int(1) DEFAULT NULL,
  `Rui_7` int(1) DEFAULT NULL,
  `Rui_8` int(1) DEFAULT NULL,
  `Rui_9` int(1) DEFAULT NULL,
  `Rui_10` int(1) DEFAULT NULL,
  `Rui_11` int(1) DEFAULT NULL,
  `Rui_12` int(1) DEFAULT NULL,
  `Rui_13` int(1) DEFAULT NULL,
  `Rui_14` int(1) DEFAULT NULL,
  `Rui_15` int(1) DEFAULT NULL,
  `Rui_16` int(1) DEFAULT NULL,
  `Rui_17` int(1) DEFAULT NULL,
  `Rui_19` int(1) DEFAULT NULL,
  `Rui_20` int(1) DEFAULT NULL,
  `Rui_21` int(1) DEFAULT NULL,
  `Rui_22` int(1) DEFAULT NULL,
  `Rui_23` int(1) DEFAULT NULL,
  `Rui_24` int(1) DEFAULT NULL,
  `Rui_25` int(1) DEFAULT NULL,
  `Rui_26` int(1) DEFAULT NULL,
  `Rui_27` int(1) DEFAULT NULL,
  `Rui_28` int(1) DEFAULT NULL,
  `Rui_29` int(1) DEFAULT NULL,
  `Rui_30` int(1) DEFAULT NULL,
  `Rui_31` int(1) DEFAULT NULL,
  `Rui_32` int(1) DEFAULT NULL,
  `Rui_33` int(1) DEFAULT NULL,
  `Rui_34` int(1) DEFAULT NULL,
  `Rui_36` int(1) DEFAULT NULL,
  `Rui_37` int(1) DEFAULT NULL,
  `Rui_38` int(1) DEFAULT NULL,
  `Rui_39` int(1) DEFAULT NULL,
  `Rui_40` int(1) DEFAULT NULL,
  `Rui_41` int(1) DEFAULT NULL,
  `Rui_42` int(1) DEFAULT NULL,
  `Rui_43` int(1) DEFAULT NULL,
  `Rui_44` int(1) DEFAULT NULL,
  `Rui_45` int(1) DEFAULT NULL,
  `Rui_47` int(1) DEFAULT NULL,
  `Rui_48` int(1) DEFAULT NULL,
  `Rui_49` int(1) DEFAULT NULL,
  `Rui_50` int(1) DEFAULT NULL,
  `Rui_51` int(1) DEFAULT NULL,
  `Rui_52` int(1) DEFAULT NULL,
  `Rui_53` int(1) DEFAULT NULL,
  `Rui_54` int(1) DEFAULT NULL,
  `Rui_55` int(1) DEFAULT NULL,
  `Rui_56` int(1) DEFAULT NULL,
  `Rui_57` int(1) DEFAULT NULL,
  `Rui_58` int(1) DEFAULT NULL,
  `Rui_59` int(1) DEFAULT NULL,
  `Rui_60` int(1) DEFAULT NULL,
  `Rui_61` int(1) DEFAULT NULL,
  `Rui_62` int(1) DEFAULT NULL,
  `Rui_63` int(1) DEFAULT NULL,
  `Rui_64` int(1) DEFAULT NULL,
  `Rui_65` int(1) DEFAULT NULL,
  `Rui_66` int(1) DEFAULT NULL,
  `Rui_67` int(1) DEFAULT NULL,
  `Rui_68` int(1) DEFAULT NULL,
  `Rui_69` int(1) DEFAULT NULL,
  `Rui_70` int(1) DEFAULT NULL,
  `Rui_71` int(1) DEFAULT NULL,
  `Rui_72` int(1) DEFAULT NULL,
  `Rui_73` int(1) DEFAULT NULL,
  `Rui_74` int(1) DEFAULT NULL,
  `Rui_76` int(1) DEFAULT NULL,
  `Rui_77` int(1) DEFAULT NULL,
  `Rui_78` int(1) DEFAULT NULL,
  `Rui_79` int(1) DEFAULT NULL,
  `Rui_80` int(1) DEFAULT NULL,
  `Rui_81` int(1) DEFAULT NULL,
  `Rui_82` int(1) DEFAULT NULL,
  `Rui_83` int(1) DEFAULT NULL,
  `Rui_84` int(1) DEFAULT NULL,
  `Rui_85` int(1) DEFAULT NULL,
  `Rui_86` int(1) DEFAULT NULL,
  `Rui_87` int(1) DEFAULT NULL,
  `Rui_88` int(1) DEFAULT NULL,
  `Rui_89` int(1) DEFAULT NULL,
  `Rui_90` int(1) DEFAULT NULL,
  `Rui_91` int(1) DEFAULT NULL,
  `Rui_92` int(1) DEFAULT NULL,
  `Rui_93` int(1) DEFAULT NULL,
  `Rui_94` int(1) DEFAULT NULL,
  `Rui_95` int(1) DEFAULT NULL,
  `Rui_96` int(1) DEFAULT NULL,
  `Rui_97` int(1) DEFAULT NULL,
  `Rui_98` int(1) DEFAULT NULL,
  `Rui_99` int(1) DEFAULT NULL,
  `Rui_100` int(1) DEFAULT NULL
) ENGINE=InnoDB DEFAULT CHARSET=utf8mb4;

--
-- Dumping data untuk tabel `rating_matrix`
--

INSERT INTO `rating_matrix` (`id_user`, `Rui_1`, `Rui_2`, `Rui_3`, `Rui_4`, `Rui_5`, `Rui_6`, `Rui_7`, `Rui_8`, `Rui_9`, `Rui_10`, `Rui_11`, `Rui_12`, `Rui_13`, `Rui_14`, `Rui_15`, `Rui_16`, `Rui_17`, `Rui_19`, `Rui_20`, `Rui_21`, `Rui_22`, `Rui_23`, `Rui_24`, `Rui_25`, `Rui_26`, `Rui_27`, `Rui_28`, `Rui_29`, `Rui_30`, `Rui_31`, `Rui_32`, `Rui_33`, `Rui_34`, `Rui_36`, `Rui_37`, `Rui_38`, `Rui_39`, `Rui_40`, `Rui_41`, `Rui_42`, `Rui_43`, `Rui_44`, `Rui_45`, `Rui_47`, `Rui_48`, `Rui_49`, `Rui_50`, `Rui_51`, `Rui_52`, `Rui_53`, `Rui_54`, `Rui_55`, `Rui_56`, `Rui_57`, `Rui_58`, `Rui_59`, `Rui_60`, `Rui_61`, `Rui_62`, `Rui_63`, `Rui_64`, `Rui_65`, `Rui_66`, `Rui_67`, `Rui_68`, `Rui_69`, `Rui_70`, `Rui_71`, `Rui_72`, `Rui_73`, `Rui_74`, `Rui_76`, `Rui_77`, `Rui_78`, `Rui_79`, `Rui_80`, `Rui_81`, `Rui_82`, `Rui_83`, `Rui_84`, `Rui_85`, `Rui_86`, `Rui_87`, `Rui_88`, `Rui_89`, `Rui_90`, `Rui_91`, `Rui_92`, `Rui_93`, `Rui_94`, `Rui_95`, `Rui_96`, `Rui_97`, `Rui_98`, `Rui_99`, `Rui_100`) VALUES
(1, NULL, NULL, NULL, NULL, NULL, NULL, NULL, NULL, NULL, NULL, NULL, NULL, NULL, NULL, NULL, NULL, 3, NULL, 4, NULL, NULL, NULL, NULL, NULL, NULL, 2, NULL, NULL, NULL, 3, NULL, 4, NULL, NULL, NULL, NULL, NULL, NULL, NULL, NULL, NULL, NULL, NULL, 4, NULL, NULL, NULL, NULL, NULL, NULL, NULL, NULL, 4, NULL, NULL, NULL, 5, 4, NULL, NULL, 5, NULL, NULL, NULL, NULL, NULL, 3, NULL, NULL, NULL, 1, NULL, NULL, NULL, NULL, 4, NULL, 5, NULL, 4, NULL, NULL, NULL, NULL, NULL, 4, NULL, 3, NULL, NULL, NULL, NULL, NULL, 4, NULL, NULL),
(2, NULL, NULL, NULL, NULL, NULL, NULL, NULL, NULL, NULL, NULL, NULL, NULL, NULL, NULL, NULL, NULL, NULL, NULL, NULL, NULL, NULL, NULL, NULL, NULL, NULL, NULL, NULL, NULL, NULL, NULL, NULL, NULL, NULL, NULL, NULL, NULL, NULL, NULL, NULL, NULL, NULL, NULL, NULL, NULL, NULL, NULL, 5, NULL, NULL, NULL, NULL, NULL, NULL, NULL, NULL, NULL, NULL, NULL, NULL, NULL, NULL, NULL, NULL, NULL, NULL, NULL, NULL, NULL, NULL, NULL, NULL, NULL, NULL, NULL, NULL, NULL, NULL, NULL, NULL, NULL, NULL, NULL, NULL, NULL, NULL, NULL, NULL, NULL, NULL, NULL, NULL, NULL, NULL, NULL, NULL, NULL),
(5, 4, 3, NULL, NULL, NULL, NULL, NULL, NULL, NULL, NULL, NULL, NULL, NULL, NULL, NULL, NULL, 4, NULL, NULL, NULL, NULL, NULL, 4, NULL, NULL, NULL, NULL, NULL, NULL, NULL, NULL, NULL, NULL, NULL, NULL, NULL, NULL, NULL, NULL, NULL, NULL, NULL, NULL, NULL, NULL, NULL, NULL, NULL, NULL, NULL, NULL, NULL, NULL, NULL, NULL, NULL, NULL, NULL, 4, NULL, NULL, NULL, NULL, NULL, NULL, NULL, NULL, NULL, NULL, NULL, NULL, NULL, NULL, NULL, NULL, NULL, NULL, NULL, NULL, NULL, NULL, NULL, NULL, NULL, NULL, NULL, NULL, NULL, NULL, NULL, NULL, NULL, NULL, 3, NULL, NULL),
(6, NULL, NULL, NULL, NULL, NULL, NULL, NULL, NULL, NULL, NULL, NULL, NULL, NULL, 5, NULL, NULL, NULL, 4, NULL, NULL, NULL, 4, NULL, NULL, NULL, NULL, NULL, NULL, NULL, NULL, NULL, NULL, NULL, NULL, NULL, NULL, NULL, NULL, NULL, NULL, NULL, NULL, NULL, NULL, NULL, NULL, NULL, NULL, NULL, NULL, NULL, NULL, NULL, NULL, NULL, NULL, NULL, NULL, NULL, NULL, NULL, NULL, NULL, NULL, NULL, 3, NULL, NULL, NULL, NULL, NULL, NULL, NULL, NULL, NULL, NULL, NULL, NULL, NULL, NULL, NULL, 3, NULL, NULL, NULL, NULL, NULL, NULL, NULL, NULL, 2, NULL, NULL, 5, NULL, NULL),
(7, NULL, NULL, NULL, NULL, NULL, NULL, NULL, NULL, NULL, NULL, NULL, NULL, NULL, NULL, NULL, NULL, NULL, NULL, NULL, NULL, 5, NULL, NULL, NULL, NULL, NULL, 5, NULL, NULL, NULL, 4, NULL, NULL, NULL, NULL, NULL, NULL, NULL, NULL, NULL, NULL, 5, NULL, NULL, NULL, NULL, NULL, NULL, NULL, NULL, NULL, NULL, NULL, NULL, NULL, NULL, NULL, NULL, NULL, NULL, NULL, NULL, NULL, NULL, NULL, NULL, NULL, NULL, NULL, NULL, NULL, NULL, NULL, 3, NULL, NULL, 5, NULL, NULL, NULL, NULL, NULL, NULL, NULL, NULL, NULL, NULL, 5, 5, NULL, NULL, NULL, NULL, NULL, NULL, NULL),
(8, NULL, NULL, NULL, NULL, NULL, NULL, NULL, NULL, NULL, NULL, NULL, NULL, NULL, NULL, NULL, NULL, NULL, NULL, NULL, NULL, 5, NULL, NULL, NULL, NULL, NULL, NULL, NULL, NULL, NULL, NULL, NULL, NULL, NULL, NULL, NULL, NULL, NULL, NULL, NULL, NULL, NULL, NULL, NULL, NULL, NULL, 5, NULL, NULL, NULL, NULL, NULL, NULL, NULL, NULL, NULL, NULL, NULL, NULL, NULL, NULL, NULL, NULL, NULL, NULL, NULL, NULL, NULL, NULL, NULL, NULL, NULL, NULL, NULL, 4, NULL, NULL, NULL, NULL, NULL, NULL, NULL, NULL, NULL, NULL, NULL, NULL, NULL, NULL, NULL, NULL, NULL, NULL, NULL, NULL, NULL),
(10, NULL, NULL, NULL, 4, NULL, NULL, 4, NULL, NULL, NULL, NULL, NULL, NULL, NULL, NULL, 4, NULL, NULL, NULL, NULL, NULL, NULL, NULL, NULL, NULL, NULL, NULL, NULL, NULL, NULL, NULL, NULL, NULL, NULL, NULL, NULL, NULL, NULL, NULL, NULL, NULL, NULL, NULL, NULL, 4, NULL, NULL, NULL, NULL, NULL, NULL, NULL, NULL, NULL, NULL, NULL, NULL, NULL, NULL, NULL, NULL, NULL, NULL, NULL, NULL, NULL, NULL, NULL, NULL, NULL, NULL, NULL, NULL, NULL, NULL, NULL, NULL, NULL, NULL, NULL, NULL, NULL, NULL, NULL, NULL, NULL, NULL, NULL, NULL, NULL, NULL, NULL, NULL, NULL, NULL, 5),
(11, NULL, NULL, NULL, NULL, NULL, NULL, NULL, NULL, NULL, NULL, NULL, NULL, NULL, NULL, NULL, NULL, NULL, NULL, NULL, NULL, NULL, NULL, NULL, NULL, NULL, NULL, NULL, NULL, NULL, NULL, NULL, NULL, NULL, NULL, NULL, 3, NULL, NULL, NULL, NULL, NULL, NULL, NULL, NULL, NULL, NULL, NULL, NULL, NULL, NULL, NULL, NULL, NULL, NULL, NULL, NULL, NULL, NULL, NULL, NULL, NULL, NULL, NULL, NULL, NULL, NULL, NULL, NULL, NULL, NULL, NULL, NULL, NULL, NULL, NULL, NULL, NULL, NULL, NULL, NULL, NULL, NULL, NULL, NULL, NULL, NULL, NULL, NULL, NULL, NULL, NULL, NULL, NULL, NULL, NULL, NULL),
(12, NULL, NULL, NULL, NULL, NULL, NULL, NULL, NULL, NULL, NULL, NULL, NULL, NULL, NULL, NULL, NULL, NULL, NULL, NULL, NULL, NULL, NULL, NULL, NULL, NULL, NULL, NULL, NULL, NULL, NULL, NULL, NULL, NULL, NULL, NULL, NULL, NULL, NULL, NULL, NULL, NULL, NULL, NULL, NULL, NULL, NULL, NULL, NULL, NULL, NULL, NULL, NULL, NULL, NULL, NULL, NULL, NULL, NULL, NULL, NULL, NULL, NULL, NULL, NULL, NULL, NULL, NULL, NULL, NULL, NULL, NULL, NULL, NULL, NULL, NULL, NULL, NULL, 4, NULL, NULL, NULL, NULL, NULL, NULL, NULL, NULL, NULL, NULL, NULL, NULL, NULL, NULL, NULL, NULL, NULL, NULL),
(13, NULL, 3, NULL, NULL, NULL, NULL, NULL, NULL, NULL, NULL, NULL, NULL, NULL, 4, NULL, NULL, NULL, NULL, NULL, NULL, NULL, NULL, NULL, NULL, NULL, NULL, NULL, 2, NULL, NULL, NULL, NULL, NULL, NULL, NULL, NULL, NULL, NULL, NULL, 4, NULL, NULL, 3, NULL, NULL, NULL, NULL, NULL, NULL, NULL, NULL, NULL, 5, NULL, NULL, 4, NULL, NULL, NULL, NULL, 5, NULL, 3, NULL, NULL, NULL, NULL, NULL, 4, NULL, NULL, NULL, NULL, NULL, NULL, NULL, NULL, NULL, NULL, NULL, NULL, NULL, NULL, NULL, NULL, 3, NULL, NULL, NULL, 3, NULL, NULL, 4, 4, NULL, NULL),
(14, NULL, NULL, NULL, NULL, NULL, NULL, NULL, NULL, NULL, NULL, NULL, NULL, NULL, NULL, NULL, NULL, NULL, NULL, NULL, NULL, 3, NULL, NULL, NULL, NULL, NULL, NULL, NULL, NULL, NULL, NULL, NULL, NULL, NULL, NULL, NULL, NULL, NULL, NULL, NULL, NULL, NULL, NULL, NULL, NULL, NULL, NULL, NULL, NULL, NULL, NULL, NULL, 5, NULL, NULL, NULL, NULL, NULL, NULL, NULL, NULL, NULL, NULL, NULL, NULL, NULL, NULL, NULL, NULL, NULL, NULL, NULL, NULL, NULL, NULL, NULL, NULL, NULL, NULL, NULL, NULL, NULL, NULL, NULL, NULL, NULL, NULL, NULL, 3, NULL, NULL, NULL, NULL, 3, NULL, NULL),
(15, NULL, NULL, NULL, NULL, NULL, NULL, NULL, NULL, NULL, NULL, NULL, NULL, NULL, NULL, NULL, NULL, NULL, NULL, 3, NULL, NULL, NULL, NULL, 3, NULL, NULL, NULL, NULL, NULL, NULL, NULL, NULL, NULL, NULL, NULL, NULL, NULL, NULL, NULL, NULL, NULL, NULL, NULL, NULL, NULL, NULL, NULL, NULL, NULL, NULL, NULL, NULL, NULL, NULL, NULL, NULL, NULL, NULL, NULL, NULL, NULL, NULL, NULL, NULL, NULL, NULL, NULL, NULL, NULL, NULL, NULL, NULL, NULL, NULL, NULL, NULL, NULL, NULL, NULL, NULL, NULL, NULL, NULL, NULL, NULL, NULL, NULL, NULL, NULL, NULL, NULL, NULL, NULL, NULL, NULL, NULL),
(16, NULL, NULL, NULL, NULL, NULL, NULL, NULL, 5, NULL, NULL, NULL, NULL, NULL, NULL, NULL, NULL, NULL, NULL, NULL, NULL, NULL, NULL, NULL, NULL, NULL, NULL, NULL, NULL, NULL, NULL, NULL, NULL, NULL, NULL, NULL, NULL, NULL, NULL, NULL, NULL, NULL, NULL, NULL, NULL, NULL, NULL, NULL, NULL, NULL, NULL, NULL, 5, 5, NULL, NULL, NULL, NULL, NULL, NULL, NULL, 5, NULL, NULL, NULL, NULL, NULL, 4, NULL, NULL, NULL, NULL, NULL, NULL, NULL, NULL, NULL, NULL, NULL, NULL, NULL, NULL, NULL, NULL, NULL, 2, NULL, NULL, 4, NULL, NULL, NULL, NULL, NULL, NULL, NULL, NULL),
(17, NULL, NULL, NULL, NULL, NULL, NULL, NULL, NULL, 3, NULL, NULL, NULL, 3, NULL, NULL, NULL, NULL, NULL, NULL, NULL, NULL, NULL, NULL, NULL, NULL, NULL, NULL, NULL, NULL, NULL, NULL, NULL, NULL, NULL, NULL, NULL, NULL, NULL, NULL, NULL, NULL, NULL, NULL, NULL, NULL, NULL, NULL, NULL, NULL, NULL, NULL, NULL, NULL, NULL, NULL, NULL, NULL, NULL, NULL, NULL, NULL, NULL, NULL, NULL, NULL, NULL, NULL, NULL, NULL, NULL, NULL, NULL, NULL, NULL, NULL, NULL, NULL, NULL, NULL, NULL, NULL, NULL, NULL, NULL, NULL, NULL, NULL, NULL, NULL, NULL, NULL, NULL, NULL, NULL, NULL, NULL),
(18, NULL, NULL, NULL, NULL, NULL, NULL, NULL, NULL, NULL, NULL, NULL, NULL, NULL, NULL, NULL, NULL, NULL, NULL, NULL, NULL, NULL, NULL, NULL, NULL, 4, NULL, NULL, NULL, NULL, NULL, NULL, NULL, NULL, NULL, NULL, NULL, NULL, NULL, NULL, NULL, NULL, NULL, NULL, NULL, NULL, NULL, NULL, NULL, NULL, NULL, NULL, NULL, NULL, NULL, 4, NULL, NULL, NULL, NULL, NULL, NULL, NULL, NULL, NULL, NULL, 3, NULL, NULL, NULL, NULL, NULL, NULL, NULL, NULL, NULL, NULL, NULL, 3, NULL, NULL, NULL, 4, NULL, NULL, NULL, NULL, NULL, NULL, NULL, NULL, NULL, NULL, NULL, NULL, NULL, NULL),
(19, NULL, NULL, NULL, 4, NULL, NULL, NULL, NULL, NULL, NULL, NULL, NULL, NULL, NULL, NULL, NULL, NULL, NULL, NULL, NULL, NULL, NULL, NULL, NULL, NULL, NULL, NULL, NULL, NULL, NULL, NULL, NULL, NULL, NULL, NULL, NULL, NULL, NULL, NULL, NULL, NULL, NULL, NULL, NULL, NULL, NULL, NULL, NULL, NULL, NULL, NULL, NULL, NULL, NULL, NULL, NULL, NULL, NULL, NULL, NULL, NULL, NULL, NULL, NULL, NULL, NULL, NULL, NULL, NULL, NULL, NULL, NULL, NULL, NULL, NULL, NULL, NULL, NULL, NULL, NULL, NULL, NULL, NULL, NULL, NULL, NULL, NULL, NULL, NULL, NULL, NULL, NULL, NULL, NULL, NULL, NULL),
(20, NULL, NULL, NULL, NULL, NULL, NULL, NULL, NULL, NULL, NULL, 2, NULL, NULL, NULL, NULL, NULL, NULL, NULL, NULL, NULL, NULL, NULL, NULL, NULL, NULL, NULL, NULL, NULL, NULL, NULL, NULL, NULL, NULL, NULL, NULL, NULL, NULL, NULL, NULL, NULL, NULL, NULL, NULL, NULL, NULL, NULL, NULL, NULL, NULL, NULL, NULL, NULL, NULL, NULL, NULL, NULL, NULL, NULL, NULL, NULL, NULL, NULL, NULL, NULL, NULL, NULL, NULL, NULL, NULL, NULL, NULL, NULL, NULL, NULL, NULL, NULL, NULL, NULL, NULL, NULL, NULL, NULL, NULL, NULL, NULL, NULL, NULL, NULL, NULL, NULL, NULL, NULL, NULL, NULL, NULL, NULL),
(21, NULL, NULL, NULL, NULL, NULL, NULL, NULL, NULL, NULL, NULL, NULL, NULL, NULL, NULL, NULL, NULL, NULL, NULL, NULL, NULL, NULL, NULL, NULL, NULL, NULL, NULL, NULL, NULL, NULL, NULL, NULL, NULL, NULL, NULL, NULL, NULL, NULL, NULL, NULL, NULL, NULL, NULL, NULL, NULL, NULL, NULL, NULL, NULL, NULL, NULL, NULL, NULL, NULL, NULL, NULL, NULL, NULL, NULL, NULL, NULL, NULL, NULL, NULL, NULL, NULL, NULL, NULL, NULL, NULL, NULL, NULL, NULL, NULL, NULL, NULL, NULL, NULL, NULL, NULL, NULL, NULL, NULL, NULL, NULL, NULL, NULL, NULL, NULL, NULL, NULL, NULL, NULL, NULL, 5, NULL, NULL),
(22, NULL, NULL, NULL, NULL, NULL, NULL, NULL, NULL, NULL, NULL, NULL, NULL, NULL, NULL, NULL, NULL, NULL, NULL, NULL, NULL, NULL, NULL, NULL, NULL, NULL, NULL, NULL, 1, NULL, NULL, NULL, NULL, NULL, NULL, NULL, NULL, NULL, NULL, NULL, NULL, NULL, NULL, NULL, NULL, NULL, NULL, NULL, NULL, NULL, NULL, NULL, NULL, NULL, NULL, NULL, NULL, NULL, NULL, NULL, NULL, NULL, NULL, NULL, NULL, NULL, NULL, NULL, NULL, NULL, NULL, NULL, NULL, NULL, NULL, 4, 4, NULL, NULL, NULL, NULL, NULL, NULL, NULL, NULL, NULL, NULL, NULL, NULL, NULL, NULL, NULL, 5, NULL, NULL, NULL, NULL),
(23, NULL, NULL, NULL, NULL, NULL, NULL, NULL, NULL, NULL, NULL, NULL, NULL, NULL, NULL, NULL, NULL, NULL, NULL, NULL, NULL, NULL, NULL, NULL, NULL, NULL, NULL, NULL, NULL, NULL, NULL, NULL, NULL, NULL, NULL, NULL, NULL, NULL, NULL, NULL, NULL, NULL, NULL, NULL, NULL, NULL, NULL, NULL, NULL, NULL, NULL, NULL, NULL, NULL, NULL, NULL, NULL, NULL, NULL, NULL, NULL, NULL, NULL, NULL, NULL, NULL, NULL, NULL, NULL, NULL, NULL, NULL, NULL, NULL, NULL, NULL, NULL, NULL, NULL, NULL, NULL, NULL, NULL, NULL, 3, NULL, 2, NULL, NULL, NULL, NULL, NULL, NULL, NULL, NULL, NULL, NULL),
(24, NULL, NULL, NULL, NULL, NULL, NULL, NULL, NULL, NULL, NULL, NULL, NULL, NULL, NULL, NULL, NULL, NULL, NULL, NULL, NULL, NULL, NULL, NULL, NULL, NULL, NULL, NULL, NULL, NULL, NULL, NULL, NULL, NULL, NULL, NULL, NULL, NULL, NULL, NULL, NULL, NULL, NULL, NULL, NULL, NULL, NULL, NULL, NULL, NULL, NULL, NULL, NULL, NULL, NULL, NULL, NULL, NULL, NULL, NULL, NULL, 5, NULL, NULL, NULL, NULL, NULL, NULL, NULL, NULL, NULL, NULL, NULL, NULL, NULL, NULL, NULL, NULL, NULL, NULL, NULL, NULL, NULL, NULL, NULL, NULL, NULL, NULL, NULL, NULL, NULL, NULL, NULL, NULL, NULL, NULL, NULL),
(25, NULL, NULL, NULL, NULL, NULL, NULL, NULL, NULL, NULL, NULL, NULL, NULL, NULL, NULL, NULL, NULL, NULL, NULL, NULL, NULL, NULL, NULL, NULL, 5, NULL, NULL, NULL, NULL, NULL, NULL, NULL, NULL, NULL, NULL, NULL, NULL, NULL, NULL, NULL, NULL, NULL, NULL, NULL, NULL, NULL, NULL, NULL, NULL, NULL, NULL, NULL, NULL, NULL, NULL, NULL, NULL, NULL, NULL, NULL, NULL, NULL, NULL, NULL, NULL, NULL, NULL, NULL, NULL, NULL, NULL, NULL, NULL, NULL, NULL, NULL, NULL, NULL, NULL, NULL, NULL, NULL, NULL, NULL, NULL, NULL, NULL, NULL, NULL, NULL, NULL, NULL, NULL, NULL, NULL, NULL, NULL),
(26, NULL, NULL, NULL, NULL, NULL, NULL, 3, NULL, 4, NULL, NULL, NULL, NULL, NULL, 4, NULL, NULL, NULL, NULL, NULL, NULL, NULL, NULL, 3, NULL, NULL, NULL, NULL, NULL, NULL, NULL, NULL, NULL, NULL, NULL, NULL, NULL, NULL, NULL, NULL, NULL, NULL, NULL, NULL, NULL, NULL, NULL, NULL, NULL, NULL, NULL, NULL, NULL, NULL, NULL, NULL, NULL, NULL, NULL, NULL, NULL, NULL, NULL, NULL, NULL, NULL, NULL, NULL, NULL, NULL, NULL, NULL, NULL, NULL, NULL, NULL, NULL, NULL, NULL, NULL, NULL, NULL, NULL, NULL, NULL, NULL, NULL, NULL, NULL, NULL, NULL, NULL, NULL, NULL, NULL, NULL),
(28, NULL, NULL, NULL, NULL, NULL, NULL, 5, NULL, NULL, NULL, NULL, 4, NULL, NULL, NULL, NULL, NULL, NULL, NULL, NULL, NULL, NULL, NULL, NULL, NULL, NULL, NULL, NULL, NULL, NULL, NULL, NULL, NULL, NULL, NULL, NULL, NULL, NULL, NULL, NULL, NULL, NULL, NULL, NULL, NULL, NULL, 4, NULL, NULL, NULL, NULL, NULL, NULL, NULL, NULL, NULL, NULL, NULL, NULL, NULL, NULL, NULL, NULL, NULL, NULL, NULL, NULL, NULL, NULL, NULL, NULL, NULL, NULL, NULL, 4, NULL, NULL, NULL, NULL, NULL, NULL, NULL, NULL, NULL, NULL, NULL, NULL, NULL, NULL, NULL, 3, NULL, NULL, 5, NULL, NULL),
(30, NULL, NULL, NULL, NULL, NULL, NULL, NULL, NULL, NULL, NULL, NULL, NULL, NULL, NULL, NULL, NULL, NULL, NULL, NULL, NULL, NULL, NULL, NULL, NULL, NULL, NULL, NULL, NULL, NULL, NULL, NULL, NULL, NULL, NULL, NULL, NULL, NULL, NULL, NULL, NULL, NULL, NULL, NULL, NULL, NULL, NULL, NULL, NULL, NULL, NULL, NULL, NULL, NULL, NULL, NULL, NULL, NULL, NULL, NULL, NULL, NULL, NULL, NULL, NULL, NULL, NULL, NULL, NULL, NULL, NULL, NULL, NULL, NULL, NULL, NULL, NULL, NULL, 4, NULL, NULL, NULL, NULL, NULL, NULL, NULL, NULL, NULL, NULL, NULL, NULL, NULL, NULL, NULL, NULL, NULL, NULL),
(37, NULL, NULL, NULL, NULL, NULL, NULL, NULL, NULL, NULL, NULL, NULL, NULL, NULL, NULL, NULL, NULL, NULL, NULL, NULL, NULL, NULL, NULL, NULL, NULL, NULL, NULL, NULL, NULL, NULL, NULL, NULL, NULL, NULL, NULL, NULL, NULL, NULL, NULL, NULL, NULL, NULL, NULL, NULL, NULL, NULL, NULL, NULL, NULL, NULL, NULL, NULL, 3, 5, NULL, NULL, NULL, NULL, NULL, NULL, NULL, NULL, NULL, NULL, NULL, NULL, NULL, NULL, NULL, NULL, NULL, NULL, NULL, NULL, NULL, NULL, NULL, NULL, NULL, NULL, NULL, NULL, NULL, NULL, NULL, NULL, NULL, NULL, NULL, NULL, NULL, NULL, NULL, NULL, NULL, NULL, NULL),
(38, NULL, NULL, NULL, NULL, NULL, NULL, NULL, NULL, NULL, NULL, NULL, NULL, NULL, NULL, NULL, NULL, NULL, NULL, NULL, NULL, NULL, NULL, NULL, NULL, NULL, NULL, NULL, NULL, NULL, NULL, NULL, NULL, NULL, NULL, NULL, NULL, NULL, NULL, NULL, NULL, NULL, NULL, NULL, NULL, NULL, NULL, NULL, NULL, NULL, NULL, NULL, NULL, NULL, NULL, NULL, NULL, NULL, NULL, NULL, NULL, NULL, NULL, NULL, NULL, NULL, NULL, NULL, NULL, NULL, NULL, NULL, NULL, NULL, NULL, NULL, NULL, NULL, NULL, NULL, NULL, NULL, NULL, NULL, NULL, NULL, NULL, NULL, NULL, NULL, NULL, 5, NULL, NULL, NULL, NULL, NULL),
(41, NULL, NULL, NULL, NULL, NULL, NULL, NULL, NULL, NULL, NULL, NULL, NULL, NULL, NULL, NULL, NULL, NULL, NULL, NULL, NULL, NULL, NULL, NULL, NULL, NULL, NULL, 4, NULL, NULL, 3, NULL, NULL, NULL, NULL, NULL, NULL, NULL, NULL, NULL, NULL, NULL, NULL, NULL, NULL, NULL, NULL, NULL, NULL, NULL, NULL, NULL, NULL, NULL, NULL, NULL, NULL, NULL, NULL, NULL, NULL, NULL, NULL, NULL, NULL, NULL, NULL, NULL, NULL, NULL, NULL, NULL, NULL, NULL, NULL, NULL, NULL, NULL, NULL, NULL, NULL, NULL, NULL, NULL, NULL, NULL, NULL, NULL, NULL, NULL, NULL, NULL, NULL, NULL, NULL, NULL, NULL),
(42, NULL, NULL, NULL, NULL, NULL, NULL, NULL, NULL, NULL, NULL, NULL, NULL, NULL, NULL, NULL, NULL, NULL, NULL, NULL, NULL, NULL, NULL, NULL, NULL, NULL, NULL, NULL, NULL, NULL, NULL, NULL, NULL, NULL, NULL, NULL, NULL, NULL, NULL, NULL, NULL, NULL, 3, NULL, NULL, 5, NULL, NULL, NULL, NULL, NULL, NULL, NULL, NULL, NULL, NULL, NULL, NULL, NULL, NULL, NULL, NULL, NULL, NULL, NULL, NULL, 4, 3, NULL, NULL, NULL, NULL, NULL, NULL, NULL, NULL, NULL, NULL, NULL, NULL, NULL, NULL, NULL, NULL, NULL, NULL, NULL, NULL, NULL, NULL, NULL, NULL, 5, NULL, 4, NULL, NULL),
(43, NULL, NULL, NULL, NULL, 4, NULL, 4, NULL, NULL, NULL, NULL, NULL, NULL, 2, 5, NULL, NULL, NULL, NULL, NULL, NULL, NULL, NULL, NULL, 5, NULL, NULL, NULL, NULL, NULL, NULL, NULL, NULL, NULL, NULL, NULL, NULL, 3, NULL, NULL, NULL, NULL, NULL, NULL, NULL, NULL, NULL, NULL, 4, NULL, NULL, NULL, NULL, NULL, NULL, NULL, NULL, NULL, NULL, NULL, 5, NULL, 4, NULL, NULL, NULL, NULL, NULL, NULL, NULL, NULL, NULL, NULL, NULL, NULL, NULL, NULL, NULL, NULL, NULL, NULL, NULL, NULL, NULL, NULL, NULL, NULL, NULL, NULL, NULL, NULL, NULL, NULL, NULL, NULL, NULL),
(44, NULL, NULL, NULL, NULL, NULL, NULL, NULL, NULL, NULL, NULL, 3, NULL, NULL, NULL, 4, NULL, NULL, NULL, NULL, NULL, NULL, NULL, NULL, NULL, NULL, NULL, NULL, NULL, NULL, NULL, NULL, NULL, NULL, NULL, NULL, NULL, NULL, NULL, NULL, NULL, NULL, NULL, NULL, NULL, NULL, NULL, NULL, NULL, NULL, NULL, NULL, 4, 2, NULL, NULL, NULL, NULL, NULL, NULL, NULL, NULL, NULL, NULL, NULL, NULL, NULL, NULL, NULL, NULL, NULL, NULL, NULL, NULL, NULL, NULL, NULL, NULL, NULL, NULL, NULL, NULL, NULL, NULL, 2, NULL, NULL, NULL, NULL, NULL, NULL, 4, NULL, NULL, NULL, NULL, NULL),
(45, NULL, NULL, NULL, NULL, NULL, NULL, NULL, NULL, NULL, NULL, NULL, NULL, NULL, NULL, NULL, NULL, NULL, NULL, NULL, NULL, NULL, NULL, NULL, 4, NULL, NULL, NULL, NULL, NULL, NULL, NULL, NULL, NULL, NULL, NULL, NULL, NULL, NULL, NULL, NULL, NULL, NULL, NULL, NULL, NULL, NULL, NULL, NULL, NULL, NULL, NULL, NULL, NULL, NULL, NULL, NULL, NULL, NULL, NULL, NULL, NULL, NULL, NULL, NULL, NULL, NULL, NULL, NULL, NULL, NULL, NULL, NULL, NULL, NULL, NULL, NULL, NULL, NULL, NULL, NULL, NULL, NULL, NULL, NULL, NULL, NULL, NULL, NULL, NULL, NULL, NULL, NULL, NULL, NULL, NULL, NULL),
(49, 2, NULL, NULL, NULL, NULL, NULL, 4, NULL, NULL, 3, NULL, NULL, NULL, NULL, NULL, NULL, 2, NULL, NULL, NULL, NULL, NULL, NULL, NULL, NULL, NULL, NULL, NULL, NULL, NULL, NULL, NULL, NULL, NULL, NULL, 1, NULL, NULL, NULL, NULL, NULL, NULL, NULL, 5, NULL, 2, NULL, NULL, NULL, NULL, NULL, NULL, NULL, NULL, NULL, NULL, NULL, NULL, NULL, NULL, NULL, NULL, NULL, NULL, 1, NULL, NULL, NULL, 2, NULL, NULL, NULL, NULL, NULL, NULL, NULL, NULL, NULL, NULL, NULL, NULL, NULL, NULL, NULL, NULL, NULL, NULL, NULL, NULL, NULL, NULL, NULL, NULL, NULL, NULL, NULL),
(52, NULL, NULL, NULL, NULL, NULL, NULL, NULL, NULL, NULL, NULL, NULL, NULL, NULL, NULL, NULL, NULL, NULL, NULL, NULL, NULL, NULL, NULL, NULL, NULL, NULL, NULL, NULL, NULL, NULL, NULL, NULL, NULL, NULL, NULL, NULL, NULL, NULL, NULL, NULL, NULL, NULL, NULL, NULL, NULL, NULL, NULL, NULL, NULL, NULL, NULL, NULL, NULL, NULL, NULL, NULL, NULL, NULL, NULL, NULL, NULL, NULL, NULL, NULL, NULL, NULL, NULL, NULL, NULL, NULL, NULL, NULL, NULL, NULL, NULL, NULL, NULL, NULL, NULL, NULL, NULL, NULL, NULL, NULL, NULL, NULL, NULL, NULL, NULL, NULL, NULL, 4, NULL, NULL, NULL, NULL, NULL),
(53, NULL, NULL, NULL, NULL, NULL, NULL, NULL, NULL, NULL, NULL, NULL, NULL, NULL, NULL, NULL, NULL, NULL, NULL, NULL, NULL, NULL, NULL, 3, NULL, NULL, NULL, NULL, NULL, NULL, NULL, NULL, NULL, NULL, NULL, NULL, NULL, NULL, NULL, NULL, NULL, NULL, NULL, NULL, NULL, NULL, NULL, NULL, NULL, NULL, NULL, NULL, NULL, NULL, NULL, NULL, NULL, NULL, NULL, NULL, NULL, NULL, NULL, NULL, NULL, NULL, NULL, NULL, NULL, NULL, NULL, NULL, NULL, NULL, NULL, NULL, NULL, NULL, NULL, NULL, NULL, NULL, NULL, NULL, NULL, NULL, NULL, NULL, NULL, NULL, NULL, NULL, NULL, NULL, NULL, NULL, NULL),
(56, NULL, NULL, NULL, NULL, NULL, NULL, NULL, NULL, NULL, NULL, NULL, NULL, NULL, NULL, NULL, NULL, NULL, NULL, NULL, NULL, NULL, NULL, NULL, NULL, NULL, NULL, NULL, 3, NULL, NULL, NULL, NULL, NULL, NULL, NULL, NULL, NULL, NULL, NULL, NULL, NULL, NULL, NULL, NULL, NULL, NULL, NULL, NULL, NULL, NULL, NULL, NULL, NULL, NULL, NULL, NULL, NULL, NULL, NULL, 3, NULL, NULL, NULL, NULL, 3, 4, NULL, 4, NULL, NULL, NULL, NULL, NULL, NULL, 4, NULL, NULL, NULL, NULL, NULL, NULL, NULL, NULL, NULL, NULL, NULL, 4, NULL, NULL, NULL, NULL, NULL, NULL, NULL, NULL, NULL),
(57, NULL, NULL, NULL, NULL, NULL, NULL, NULL, NULL, NULL, NULL, NULL, NULL, NULL, NULL, NULL, NULL, NULL, NULL, NULL, NULL, NULL, NULL, NULL, NULL, NULL, NULL, 4, NULL, NULL, NULL, NULL, NULL, NULL, NULL, NULL, NULL, NULL, NULL, NULL, NULL, NULL, NULL, NULL, NULL, NULL, NULL, NULL, NULL, NULL, NULL, NULL, NULL, NULL, NULL, NULL, NULL, NULL, NULL, NULL, NULL, NULL, NULL, NULL, NULL, NULL, NULL, NULL, NULL, NULL, NULL, NULL, NULL, NULL, NULL, 5, NULL, NULL, NULL, NULL, NULL, NULL, NULL, NULL, NULL, NULL, NULL, NULL, NULL, NULL, NULL, NULL, NULL, NULL, NULL, NULL, NULL),
(58, NULL, NULL, NULL, NULL, NULL, NULL, NULL, NULL, 4, NULL, NULL, NULL, NULL, NULL, NULL, NULL, NULL, NULL, NULL, NULL, NULL, NULL, NULL, NULL, NULL, NULL, NULL, NULL, NULL, NULL, NULL, NULL, NULL, NULL, NULL, NULL, NULL, NULL, NULL, 4, NULL, NULL, 5, NULL, NULL, NULL, NULL, NULL, NULL, NULL, NULL, NULL, NULL, NULL, NULL, NULL, NULL, NULL, NULL, NULL, NULL, NULL, NULL, NULL, NULL, NULL, NULL, NULL, NULL, NULL, NULL, NULL, NULL, NULL, NULL, NULL, NULL, NULL, NULL, NULL, NULL, NULL, NULL, NULL, NULL, NULL, NULL, NULL, NULL, NULL, NULL, NULL, NULL, NULL, NULL, 5),
(59, NULL, NULL, NULL, NULL, NULL, NULL, NULL, NULL, NULL, 4, NULL, 5, 5, NULL, NULL, NULL, NULL, NULL, NULL, NULL, NULL, 5, NULL, NULL, NULL, NULL, NULL, NULL, NULL, NULL, NULL, NULL, NULL, NULL, NULL, NULL, NULL, NULL, NULL, NULL, NULL, NULL, NULL, 5, NULL, NULL, NULL, NULL, NULL, NULL, 4, NULL, NULL, NULL, NULL, NULL, NULL, NULL, NULL, NULL, NULL, NULL, NULL, NULL, NULL, NULL, 3, NULL, NULL, NULL, NULL, NULL, 4, NULL, NULL, NULL, NULL, NULL, NULL, NULL, NULL, NULL, NULL, NULL, NULL, NULL, NULL, 5, NULL, NULL, NULL, NULL, NULL, NULL, NULL, NULL),
(60, NULL, NULL, NULL, NULL, NULL, NULL, NULL, NULL, NULL, NULL, NULL, NULL, NULL, NULL, NULL, NULL, NULL, NULL, NULL, NULL, NULL, NULL, NULL, NULL, NULL, NULL, NULL, NULL, NULL, NULL, NULL, NULL, NULL, NULL, NULL, NULL, NULL, NULL, NULL, NULL, NULL, NULL, NULL, 4, NULL, NULL, NULL, NULL, NULL, NULL, NULL, NULL, NULL, NULL, NULL, NULL, 5, NULL, NULL, NULL, NULL, NULL, NULL, NULL, NULL, NULL, NULL, NULL, NULL, NULL, NULL, NULL, NULL, NULL, 4, NULL, NULL, NULL, NULL, NULL, NULL, NULL, NULL, NULL, NULL, NULL, NULL, NULL, NULL, NULL, NULL, NULL, NULL, NULL, NULL, NULL),
(62, NULL, NULL, NULL, 4, NULL, NULL, NULL, 5, NULL, NULL, NULL, 4, NULL, NULL, NULL, NULL, NULL, NULL, NULL, 3, NULL, NULL, 4, NULL, NULL, NULL, 3, NULL, NULL, NULL, NULL, NULL, NULL, NULL, NULL, NULL, NULL, NULL, NULL, NULL, NULL, NULL, NULL, NULL, NULL, NULL, NULL, NULL, NULL, NULL, NULL, NULL, NULL, NULL, NULL, 4, NULL, NULL, NULL, NULL, NULL, 4, NULL, NULL, 1, NULL, NULL, NULL, NULL, NULL, NULL, NULL, NULL, NULL, NULL, NULL, NULL, NULL, NULL, NULL, NULL, 2, NULL, NULL, NULL, NULL, NULL, NULL, NULL, NULL, NULL, 4, NULL, NULL, NULL, NULL),
(63, NULL, NULL, NULL, NULL, NULL, 3, NULL, NULL, NULL, NULL, NULL, NULL, NULL, NULL, NULL, NULL, NULL, NULL, 3, NULL, NULL, NULL, NULL, NULL, NULL, NULL, NULL, NULL, NULL, NULL, NULL, NULL, NULL, NULL, NULL, NULL, NULL, NULL, NULL, NULL, NULL, NULL, NULL, NULL, NULL, NULL, 4, NULL, NULL, NULL, NULL, NULL, NULL, NULL, NULL, NULL, NULL, NULL, NULL, NULL, NULL, NULL, NULL, NULL, NULL, NULL, NULL, NULL, NULL, NULL, NULL, NULL, NULL, NULL, NULL, NULL, NULL, NULL, NULL, NULL, NULL, NULL, NULL, NULL, NULL, NULL, NULL, NULL, NULL, NULL, NULL, NULL, NULL, NULL, NULL, 5),
(64, NULL, 3, NULL, NULL, NULL, NULL, NULL, NULL, NULL, NULL, NULL, NULL, NULL, NULL, NULL, NULL, NULL, NULL, NULL, NULL, NULL, NULL, NULL, NULL, NULL, NULL, NULL, NULL, NULL, NULL, NULL, NULL, NULL, NULL, NULL, NULL, NULL, NULL, NULL, NULL, NULL, NULL, NULL, NULL, NULL, NULL, NULL, NULL, NULL, NULL, NULL, NULL, NULL, NULL, NULL, NULL, NULL, NULL, NULL, NULL, NULL, NULL, NULL, NULL, NULL, NULL, NULL, NULL, NULL, NULL, NULL, NULL, 3, NULL, NULL, NULL, NULL, NULL, NULL, NULL, NULL, NULL, NULL, NULL, NULL, NULL, NULL, NULL, 2, NULL, NULL, NULL, NULL, NULL, NULL, 4),
(65, NULL, NULL, NULL, NULL, NULL, NULL, NULL, NULL, NULL, NULL, NULL, NULL, NULL, NULL, NULL, NULL, NULL, NULL, NULL, NULL, NULL, NULL, NULL, NULL, NULL, NULL, NULL, NULL, NULL, NULL, NULL, NULL, NULL, NULL, NULL, NULL, NULL, NULL, NULL, NULL, NULL, NULL, NULL, 2, NULL, NULL, NULL, NULL, NULL, NULL, NULL, NULL, 3, NULL, NULL, NULL, NULL, NULL, NULL, NULL, NULL, NULL, NULL, NULL, NULL, NULL, 1, NULL, NULL, NULL, NULL, NULL, NULL, NULL, NULL, NULL, NULL, NULL, NULL, NULL, NULL, NULL, NULL, NULL, NULL, NULL, NULL, NULL, NULL, NULL, NULL, NULL, 5, NULL, NULL, 3),
(66, 3, NULL, NULL, NULL, NULL, NULL, 3, NULL, NULL, NULL, NULL, NULL, NULL, NULL, NULL, NULL, NULL, NULL, NULL, NULL, NULL, NULL, NULL, NULL, NULL, NULL, NULL, NULL, NULL, NULL, NULL, NULL, NULL, NULL, NULL, NULL, NULL, NULL, NULL, NULL, NULL, NULL, NULL, NULL, NULL, NULL, NULL, NULL, NULL, NULL, NULL, NULL, NULL, NULL, NULL, NULL, NULL, NULL, NULL, NULL, NULL, NULL, NULL, NULL, NULL, NULL, NULL, NULL, NULL, NULL, NULL, NULL, NULL, NULL, NULL, NULL, NULL, NULL, NULL, NULL, NULL, NULL, NULL, NULL, NULL, NULL, NULL, NULL, NULL, NULL, NULL, NULL, NULL, NULL, NULL, NULL),
(67, 3, NULL, NULL, NULL, NULL, NULL, NULL, NULL, NULL, NULL, NULL, NULL, NULL, NULL, NULL, NULL, NULL, NULL, NULL, NULL, NULL, NULL, NULL, NULL, NULL, NULL, NULL, NULL, NULL, NULL, NULL, NULL, NULL, NULL, NULL, NULL, NULL, NULL, NULL, NULL, NULL, NULL, NULL, NULL, NULL, NULL, NULL, NULL, NULL, NULL, NULL, NULL, NULL, NULL, NULL, NULL, NULL, NULL, NULL, NULL, 5, NULL, NULL, NULL, NULL, NULL, NULL, NULL, NULL, NULL, NULL, NULL, NULL, NULL, NULL, NULL, NULL, NULL, NULL, NULL, NULL, NULL, NULL, NULL, NULL, NULL, NULL, NULL, NULL, NULL, NULL, NULL, NULL, NULL, NULL, NULL),
(68, NULL, NULL, NULL, NULL, NULL, NULL, 3, NULL, NULL, NULL, NULL, NULL, NULL, NULL, NULL, NULL, NULL, NULL, NULL, NULL, NULL, NULL, NULL, NULL, NULL, NULL, NULL, NULL, NULL, NULL, NULL, NULL, NULL, NULL, NULL, NULL, NULL, NULL, NULL, NULL, NULL, NULL, NULL, NULL, NULL, NULL, NULL, NULL, NULL, NULL, NULL, NULL, NULL, NULL, NULL, NULL, NULL, NULL, NULL, NULL, NULL, NULL, NULL, NULL, NULL, NULL, NULL, NULL, NULL, NULL, NULL, NULL, NULL, NULL, NULL, NULL, NULL, NULL, NULL, NULL, NULL, NULL, NULL, NULL, NULL, NULL, NULL, NULL, NULL, NULL, NULL, NULL, NULL, NULL, NULL, NULL),
(69, NULL, NULL, NULL, NULL, NULL, NULL, NULL, NULL, NULL, NULL, NULL, 5, NULL, NULL, NULL, NULL, NULL, NULL, NULL, NULL, NULL, NULL, NULL, NULL, NULL, NULL, NULL, NULL, NULL, NULL, NULL, NULL, NULL, NULL, NULL, NULL, NULL, NULL, NULL, NULL, NULL, NULL, NULL, NULL, NULL, NULL, NULL, NULL, NULL, NULL, NULL, NULL, 5, NULL, NULL, NULL, NULL, NULL, NULL, NULL, NULL, NULL, NULL, NULL, NULL, NULL, NULL, NULL, NULL, NULL, NULL, NULL, NULL, NULL, NULL, NULL, NULL, NULL, NULL, NULL, NULL, NULL, NULL, NULL, NULL, NULL, NULL, NULL, NULL, NULL, NULL, NULL, NULL, NULL, NULL, NULL),
(70, NULL, NULL, NULL, NULL, NULL, NULL, NULL, NULL, NULL, NULL, NULL, NULL, NULL, NULL, NULL, NULL, NULL, NULL, NULL, NULL, NULL, NULL, NULL, NULL, NULL, NULL, NULL, NULL, NULL, NULL, NULL, NULL, NULL, NULL, NULL, NULL, NULL, NULL, NULL, NULL, NULL, NULL, NULL, NULL, NULL, NULL, 4, NULL, NULL, NULL, NULL, NULL, NULL, NULL, NULL, NULL, NULL, NULL, NULL, NULL, NULL, NULL, NULL, NULL, NULL, NULL, NULL, 3, NULL, NULL, NULL, NULL, NULL, NULL, NULL, NULL, NULL, 4, NULL, NULL, NULL, NULL, NULL, NULL, NULL, NULL, NULL, NULL, NULL, NULL, NULL, NULL, NULL, NULL, NULL, NULL),
(71, NULL, NULL, NULL, NULL, NULL, NULL, NULL, NULL, NULL, NULL, NULL, NULL, NULL, NULL, NULL, NULL, NULL, NULL, NULL, NULL, NULL, NULL, NULL, NULL, NULL, NULL, NULL, NULL, NULL, NULL, NULL, NULL, NULL, NULL, NULL, NULL, NULL, NULL, NULL, NULL, NULL, NULL, NULL, NULL, NULL, NULL, NULL, NULL, NULL, NULL, NULL, NULL, NULL, NULL, NULL, NULL, NULL, NULL, NULL, NULL, NULL, NULL, NULL, NULL, NULL, NULL, NULL, NULL, NULL, NULL, NULL, NULL, NULL, NULL, NULL, NULL, NULL, NULL, NULL, NULL, NULL, NULL, NULL, NULL, 5, NULL, NULL, NULL, NULL, NULL, NULL, NULL, NULL, NULL, NULL, NULL),
(72, NULL, NULL, NULL, NULL, NULL, NULL, NULL, NULL, NULL, NULL, NULL, NULL, NULL, NULL, NULL, NULL, NULL, NULL, NULL, NULL, NULL, NULL, NULL, NULL, NULL, NULL, 4, NULL, NULL, NULL, NULL, NULL, NULL, NULL, NULL, NULL, NULL, NULL, NULL, NULL, NULL, NULL, NULL, NULL, 4, NULL, NULL, NULL, NULL, NULL, 3, NULL, NULL, NULL, NULL, NULL, NULL, NULL, NULL, NULL, NULL, NULL, NULL, NULL, NULL, NULL, NULL, NULL, NULL, NULL, NULL, NULL, NULL, NULL, 4, NULL, NULL, NULL, NULL, NULL, NULL, NULL, NULL, NULL, 3, NULL, NULL, NULL, NULL, NULL, NULL, NULL, NULL, NULL, NULL, NULL),
(73, NULL, NULL, NULL, NULL, NULL, NULL, NULL, NULL, NULL, NULL, NULL, 5, NULL, NULL, NULL, NULL, NULL, NULL, NULL, NULL, NULL, NULL, NULL, NULL, NULL, NULL, NULL, NULL, NULL, NULL, NULL, NULL, NULL, NULL, NULL, NULL, NULL, NULL, NULL, NULL, NULL, NULL, NULL, NULL, NULL, NULL, NULL, NULL, NULL, NULL, NULL, NULL, 4, NULL, NULL, NULL, NULL, NULL, NULL, NULL, NULL, NULL, NULL, NULL, NULL, NULL, NULL, NULL, NULL, NULL, NULL, NULL, NULL, NULL, NULL, NULL, NULL, NULL, NULL, NULL, NULL, NULL, NULL, NULL, NULL, NULL, NULL, NULL, NULL, 1, NULL, NULL, NULL, NULL, NULL, NULL),
(74, NULL, NULL, NULL, NULL, NULL, NULL, NULL, NULL, 4, NULL, NULL, NULL, NULL, NULL, 4, NULL, NULL, NULL, NULL, NULL, NULL, NULL, NULL, NULL, NULL, NULL, NULL, NULL, NULL, NULL, NULL, NULL, NULL, NULL, NULL, NULL, NULL, NULL, NULL, NULL, NULL, NULL, NULL, NULL, NULL, NULL, NULL, NULL, NULL, NULL, NULL, NULL, NULL, NULL, NULL, NULL, NULL, NULL, NULL, NULL, NULL, NULL, NULL, NULL, NULL, NULL, NULL, NULL, NULL, NULL, NULL, NULL, NULL, NULL, NULL, NULL, NULL, NULL, NULL, NULL, NULL, NULL, NULL, NULL, NULL, NULL, NULL, NULL, NULL, NULL, NULL, NULL, NULL, NULL, NULL, NULL),
(76, NULL, NULL, NULL, NULL, NULL, NULL, NULL, NULL, NULL, NULL, NULL, NULL, NULL, NULL, NULL, NULL, NULL, NULL, NULL, NULL, NULL, NULL, NULL, NULL, NULL, NULL, NULL, NULL, NULL, NULL, NULL, NULL, NULL, NULL, NULL, NULL, NULL, NULL, NULL, NULL, NULL, NULL, NULL, NULL, NULL, NULL, NULL, NULL, NULL, NULL, NULL, NULL, NULL, NULL, NULL, NULL, NULL, 4, NULL, NULL, NULL, NULL, NULL, NULL, NULL, NULL, NULL, NULL, NULL, NULL, NULL, NULL, NULL, NULL, NULL, NULL, NULL, NULL, NULL, NULL, NULL, NULL, NULL, NULL, NULL, NULL, NULL, 4, NULL, NULL, NULL, NULL, NULL, NULL, NULL, NULL),
(77, NULL, NULL, NULL, NULL, NULL, NULL, NULL, NULL, NULL, NULL, NULL, NULL, NULL, NULL, NULL, NULL, NULL, NULL, NULL, NULL, NULL, 4, NULL, NULL, NULL, NULL, NULL, NULL, NULL, NULL, NULL, NULL, NULL, NULL, NULL, NULL, NULL, NULL, NULL, NULL, NULL, NULL, NULL, NULL, NULL, NULL, NULL, NULL, NULL, NULL, NULL, NULL, NULL, NULL, NULL, NULL, NULL, NULL, NULL, NULL, NULL, NULL, NULL, NULL, NULL, NULL, NULL, NULL, NULL, NULL, NULL, NULL, NULL, NULL, NULL, NULL, NULL, NULL, NULL, NULL, NULL, NULL, NULL, NULL, NULL, NULL, 3, NULL, NULL, NULL, NULL, NULL, NULL, NULL, NULL, NULL),
(79, NULL, NULL, NULL, NULL, NULL, NULL, NULL, NULL, NULL, NULL, NULL, NULL, NULL, NULL, NULL, NULL, NULL, NULL, NULL, NULL, NULL, NULL, NULL, NULL, NULL, NULL, NULL, NULL, NULL, NULL, NULL, NULL, NULL, NULL, NULL, NULL, NULL, NULL, NULL, NULL, NULL, NULL, NULL, NULL, NULL, NULL, 4, NULL, NULL, NULL, NULL, NULL, NULL, NULL, NULL, NULL, NULL, NULL, NULL, NULL, NULL, NULL, NULL, NULL, NULL, NULL, NULL, NULL, NULL, NULL, NULL, NULL, NULL, NULL, NULL, NULL, NULL, NULL, NULL, NULL, NULL, NULL, NULL, NULL, NULL, NULL, NULL, NULL, NULL, NULL, NULL, NULL, NULL, NULL, NULL, 5),
(80, NULL, NULL, NULL, NULL, NULL, NULL, NULL, NULL, NULL, NULL, NULL, NULL, NULL, NULL, NULL, NULL, NULL, NULL, NULL, NULL, NULL, NULL, NULL, NULL, NULL, NULL, NULL, NULL, NULL, NULL, NULL, NULL, NULL, NULL, NULL, NULL, NULL, NULL, NULL, NULL, NULL, NULL, NULL, NULL, NULL, NULL, 3, NULL, NULL, NULL, NULL, NULL, NULL, NULL, NULL, NULL, NULL, NULL, NULL, NULL, NULL, NULL, NULL, NULL, NULL, NULL, NULL, NULL, NULL, NULL, NULL, NULL, NULL, NULL, NULL, NULL, NULL, NULL, NULL, NULL, NULL, NULL, 4, NULL, NULL, NULL, NULL, NULL, NULL, NULL, NULL, NULL, NULL, NULL, NULL, NULL),
(81, NULL, NULL, 4, NULL, NULL, NULL, NULL, NULL, NULL, NULL, NULL, NULL, NULL, NULL, NULL, NULL, NULL, NULL, NULL, NULL, NULL, NULL, NULL, NULL, NULL, NULL, NULL, NULL, NULL, NULL, NULL, NULL, NULL, NULL, NULL, NULL, NULL, NULL, NULL, NULL, NULL, NULL, NULL, NULL, NULL, NULL, NULL, NULL, NULL, NULL, NULL, NULL, NULL, NULL, NULL, NULL, NULL, NULL, NULL, NULL, NULL, NULL, NULL, NULL, NULL, NULL, NULL, NULL, NULL, NULL, NULL, NULL, NULL, NULL, NULL, NULL, NULL, NULL, NULL, NULL, NULL, NULL, NULL, NULL, NULL, NULL, NULL, NULL, NULL, NULL, NULL, NULL, NULL, NULL, NULL, NULL),
(82, NULL, NULL, NULL, NULL, NULL, NULL, NULL, NULL, NULL, NULL, NULL, NULL, 2, 4, 3, NULL, NULL, NULL, NULL, NULL, NULL, NULL, NULL, NULL, NULL, NULL, NULL, NULL, NULL, NULL, NULL, NULL, NULL, NULL, NULL, NULL, NULL, NULL, NULL, NULL, NULL, NULL, NULL, NULL, NULL, NULL, NULL, NULL, NULL, NULL, NULL, NULL, 3, NULL, NULL, NULL, NULL, NULL, NULL, NULL, 5, NULL, NULL, NULL, NULL, 4, NULL, NULL, NULL, 4, NULL, NULL, NULL, NULL, NULL, NULL, NULL, NULL, NULL, NULL, NULL, NULL, NULL, NULL, NULL, NULL, NULL, NULL, NULL, NULL, NULL, NULL, NULL, NULL, NULL, NULL),
(83, NULL, NULL, NULL, NULL, NULL, NULL, NULL, NULL, NULL, NULL, NULL, NULL, NULL, NULL, NULL, NULL, NULL, NULL, NULL, NULL, NULL, NULL, NULL, NULL, NULL, NULL, NULL, NULL, NULL, NULL, NULL, NULL, NULL, NULL, NULL, NULL, NULL, NULL, NULL, NULL, 4, NULL, NULL, NULL, NULL, NULL, NULL, NULL, NULL, NULL, NULL, NULL, NULL, NULL, NULL, NULL, NULL, NULL, NULL, NULL, NULL, NULL, NULL, NULL, NULL, NULL, NULL, NULL, NULL, NULL, NULL, NULL, 4, 2, NULL, NULL, NULL, 5, NULL, NULL, NULL, NULL, NULL, NULL, NULL, NULL, NULL, NULL, NULL, NULL, 4, NULL, 4, NULL, NULL, NULL),
(84, NULL, NULL, NULL, NULL, NULL, NULL, NULL, NULL, NULL, NULL, NULL, 5, NULL, NULL, NULL, NULL, NULL, NULL, NULL, NULL, NULL, NULL, NULL, NULL, NULL, NULL, NULL, NULL, NULL, NULL, NULL, NULL, NULL, NULL, NULL, NULL, NULL, NULL, NULL, NULL, NULL, NULL, NULL, NULL, NULL, NULL, NULL, NULL, NULL, NULL, NULL, NULL, NULL, NULL, NULL, NULL, NULL, NULL, NULL, NULL, NULL, NULL, NULL, NULL, NULL, NULL, NULL, NULL, NULL, NULL, NULL, NULL, NULL, NULL, NULL, NULL, NULL, NULL, NULL, NULL, NULL, NULL, NULL, NULL, NULL, NULL, NULL, NULL, NULL, NULL, NULL, NULL, NULL, NULL, NULL, NULL),
(85, NULL, NULL, NULL, NULL, NULL, NULL, NULL, NULL, NULL, NULL, NULL, NULL, 3, NULL, NULL, NULL, NULL, NULL, NULL, NULL, NULL, NULL, NULL, 2, NULL, NULL, NULL, NULL, NULL, NULL, NULL, NULL, NULL, NULL, NULL, NULL, NULL, NULL, NULL, NULL, NULL, NULL, NULL, NULL, NULL, NULL, NULL, 2, NULL, 3, NULL, NULL, 4, NULL, 4, NULL, NULL, NULL, NULL, NULL, NULL, NULL, NULL, NULL, NULL, NULL, NULL, NULL, NULL, NULL, NULL, NULL, NULL, NULL, NULL, NULL, NULL, NULL, 4, NULL, NULL, 4, NULL, NULL, NULL, NULL, NULL, NULL, NULL, NULL, NULL, NULL, 2, 4, NULL, NULL),
(87, NULL, 4, NULL, NULL, NULL, NULL, NULL, NULL, 4, NULL, NULL, NULL, NULL, NULL, NULL, NULL, NULL, NULL, NULL, NULL, NULL, NULL, NULL, NULL, NULL, NULL, NULL, NULL, NULL, NULL, NULL, NULL, NULL, NULL, NULL, NULL, NULL, 3, NULL, NULL, NULL, NULL, NULL, NULL, NULL, NULL, NULL, NULL, NULL, NULL, NULL, NULL, NULL, NULL, NULL, NULL, NULL, NULL, NULL, NULL, NULL, NULL, NULL, 4, NULL, NULL, 5, NULL, NULL, NULL, NULL, NULL, NULL, NULL, NULL, NULL, NULL, 5, NULL, NULL, NULL, NULL, NULL, NULL, NULL, NULL, NULL, NULL, NULL, NULL, NULL, NULL, NULL, NULL, NULL, NULL),
(90, NULL, NULL, NULL, NULL, NULL, NULL, NULL, NULL, NULL, NULL, 4, 5, NULL, NULL, NULL, NULL, NULL, NULL, NULL, NULL, 4, NULL, NULL, 5, NULL, NULL, NULL, NULL, NULL, 4, NULL, NULL, NULL, NULL, NULL, NULL, NULL, NULL, NULL, NULL, NULL, NULL, NULL, NULL, NULL, NULL, NULL, NULL, NULL, NULL, NULL, NULL, NULL, NULL, NULL, NULL, NULL, NULL, NULL, NULL, NULL, NULL, NULL, NULL, NULL, NULL, NULL, NULL, NULL, NULL, NULL, NULL, NULL, NULL, NULL, NULL, NULL, NULL, NULL, NULL, NULL, NULL, NULL, NULL, NULL, NULL, NULL, NULL, NULL, NULL, NULL, NULL, NULL, 5, NULL, NULL),
(91, NULL, NULL, NULL, NULL, NULL, NULL, NULL, NULL, NULL, NULL, NULL, NULL, NULL, NULL, NULL, NULL, NULL, NULL, NULL, NULL, NULL, NULL, NULL, NULL, NULL, NULL, 4, NULL, NULL, NULL, NULL, NULL, NULL, NULL, NULL, NULL, NULL, NULL, NULL, NULL, NULL, NULL, NULL, NULL, NULL, NULL, NULL, NULL, NULL, NULL, NULL, NULL, NULL, NULL, NULL, NULL, NULL, NULL, NULL, NULL, NULL, NULL, NULL, NULL, NULL, NULL, NULL, NULL, NULL, NULL, NULL, NULL, NULL, NULL, NULL, NULL, NULL, NULL, NULL, NULL, NULL, NULL, NULL, NULL, NULL, NULL, NULL, NULL, NULL, NULL, NULL, NULL, NULL, NULL, NULL, NULL),
(92, NULL, NULL, NULL, NULL, NULL, NULL, NULL, NULL, NULL, NULL, NULL, NULL, NULL, NULL, 3, NULL, NULL, NULL, NULL, NULL, NULL, NULL, 3, NULL, NULL, NULL, NULL, NULL, NULL, NULL, NULL, NULL, NULL, NULL, NULL, NULL, NULL, NULL, NULL, NULL, NULL, NULL, NULL, NULL, NULL, NULL, NULL, NULL, NULL, NULL, NULL, NULL, NULL, NULL, NULL, NULL, NULL, NULL, NULL, NULL, NULL, NULL, NULL, NULL, NULL, NULL, NULL, NULL, NULL, NULL, NULL, NULL, 3, NULL, 4, NULL, 3, NULL, NULL, NULL, 3, NULL, 3, NULL, NULL, NULL, NULL, NULL, NULL, NULL, NULL, NULL, NULL, NULL, NULL, NULL),
(93, NULL, NULL, NULL, NULL, NULL, NULL, NULL, NULL, NULL, NULL, NULL, NULL, NULL, NULL, 5, NULL, NULL, NULL, NULL, NULL, NULL, NULL, NULL, NULL, NULL, NULL, NULL, NULL, NULL, NULL, NULL, NULL, NULL, NULL, NULL, NULL, NULL, NULL, NULL, NULL, NULL, NULL, NULL, NULL, NULL, NULL, NULL, NULL, NULL, NULL, NULL, NULL, NULL, NULL, NULL, NULL, NULL, NULL, NULL, NULL, NULL, NULL, NULL, NULL, NULL, NULL, NULL, NULL, NULL, NULL, NULL, NULL, NULL, NULL, NULL, NULL, NULL, NULL, NULL, NULL, NULL, NULL, NULL, NULL, NULL, NULL, NULL, NULL, NULL, NULL, NULL, NULL, NULL, NULL, NULL, NULL),
(94, NULL, NULL, NULL, NULL, NULL, NULL, NULL, NULL, 5, NULL, NULL, NULL, NULL, NULL, NULL, NULL, NULL, NULL, NULL, NULL, NULL, NULL, 4, NULL, NULL, NULL, NULL, NULL, NULL, NULL, NULL, 3, NULL, NULL, NULL, NULL, NULL, NULL, NULL, NULL, NULL, NULL, 5, NULL, NULL, NULL, NULL, NULL, NULL, NULL, NULL, NULL, NULL, NULL, 5, NULL, NULL, NULL, 3, NULL, NULL, NULL, NULL, NULL, NULL, NULL, NULL, NULL, NULL, NULL, NULL, NULL, NULL, NULL, 4, NULL, NULL, NULL, NULL, NULL, NULL, NULL, NULL, NULL, 3, NULL, NULL, NULL, NULL, NULL, NULL, NULL, NULL, NULL, 3, NULL),
(95, 5, NULL, NULL, NULL, NULL, NULL, NULL, NULL, NULL, NULL, NULL, NULL, NULL, NULL, 4, NULL, NULL, NULL, NULL, NULL, NULL, NULL, NULL, NULL, NULL, NULL, NULL, NULL, NULL, NULL, NULL, 3, NULL, NULL, NULL, NULL, NULL, NULL, NULL, NULL, NULL, NULL, NULL, NULL, NULL, NULL, NULL, NULL, NULL, NULL, NULL, NULL, NULL, NULL, NULL, NULL, NULL, NULL, NULL, NULL, NULL, NULL, NULL, NULL, 4, NULL, NULL, NULL, NULL, NULL, NULL, NULL, NULL, NULL, NULL, NULL, NULL, NULL, NULL, NULL, NULL, NULL, NULL, NULL, NULL, NULL, NULL, NULL, NULL, NULL, NULL, 4, NULL, NULL, NULL, NULL),
(96, NULL, NULL, NULL, NULL, NULL, NULL, NULL, 5, NULL, NULL, NULL, NULL, NULL, NULL, NULL, NULL, NULL, NULL, NULL, NULL, NULL, NULL, NULL, NULL, NULL, NULL, NULL, NULL, NULL, NULL, NULL, NULL, NULL, NULL, NULL, NULL, NULL, NULL, NULL, NULL, NULL, NULL, NULL, NULL, NULL, NULL, NULL, NULL, NULL, NULL, NULL, NULL, NULL, NULL, NULL, NULL, NULL, NULL, NULL, NULL, NULL, NULL, NULL, NULL, NULL, NULL, NULL, NULL, NULL, NULL, NULL, NULL, NULL, NULL, NULL, NULL, NULL, NULL, NULL, NULL, NULL, NULL, 4, NULL, NULL, NULL, 5, NULL, NULL, NULL, NULL, NULL, NULL, NULL, NULL, NULL),
(97, NULL, NULL, NULL, NULL, NULL, NULL, 5, NULL, NULL, NULL, NULL, NULL, NULL, NULL, NULL, NULL, NULL, NULL, NULL, NULL, NULL, NULL, NULL, NULL, NULL, NULL, NULL, NULL, NULL, NULL, NULL, NULL, NULL, NULL, NULL, NULL, NULL, NULL, NULL, NULL, NULL, NULL, NULL, NULL, NULL, NULL, 5, NULL, NULL, NULL, NULL, NULL, NULL, NULL, NULL, NULL, NULL, NULL, NULL, NULL, NULL, NULL, NULL, NULL, NULL, NULL, NULL, NULL, NULL, NULL, NULL, NULL, NULL, NULL, NULL, NULL, NULL, NULL, NULL, NULL, NULL, NULL, NULL, NULL, 5, NULL, NULL, NULL, NULL, NULL, NULL, NULL, NULL, 4, NULL, NULL),
(98, NULL, NULL, NULL, NULL, NULL, NULL, NULL, NULL, NULL, NULL, NULL, NULL, NULL, NULL, NULL, NULL, NULL, NULL, NULL, NULL, NULL, NULL, NULL, NULL, NULL, NULL, NULL, NULL, NULL, NULL, NULL, NULL, NULL, NULL, NULL, NULL, NULL, NULL, NULL, NULL, NULL, NULL, NULL, 4, NULL, NULL, NULL, NULL, NULL, NULL, NULL, NULL, NULL, NULL, NULL, NULL, NULL, NULL, NULL, NULL, NULL, NULL, NULL, NULL, NULL, NULL, NULL, NULL, NULL, NULL, NULL, NULL, NULL, NULL, NULL, NULL, NULL, NULL, NULL, NULL, NULL, NULL, NULL, NULL, NULL, NULL, NULL, NULL, NULL, NULL, NULL, NULL, NULL, NULL, NULL, NULL),
(99, NULL, NULL, NULL, 5, NULL, NULL, NULL, NULL, NULL, NULL, NULL, NULL, NULL, NULL, NULL, NULL, NULL, NULL, NULL, NULL, NULL, NULL, NULL, NULL, NULL, NULL, NULL, NULL, NULL, NULL, NULL, NULL, NULL, NULL, NULL, NULL, NULL, NULL, NULL, NULL, NULL, NULL, NULL, NULL, NULL, NULL, 5, NULL, NULL, NULL, NULL, NULL, NULL, NULL, NULL, NULL, NULL, NULL, NULL, NULL, NULL, NULL, NULL, NULL, NULL, NULL, NULL, NULL, NULL, NULL, NULL, NULL, NULL, NULL, 4, NULL, NULL, NULL, NULL, NULL, NULL, NULL, NULL, NULL, NULL, NULL, NULL, NULL, NULL, NULL, NULL, NULL, NULL, NULL, NULL, NULL),
(102, NULL, NULL, NULL, NULL, NULL, NULL, NULL, NULL, NULL, NULL, NULL, NULL, NULL, NULL, NULL, NULL, NULL, NULL, NULL, NULL, NULL, NULL, NULL, NULL, NULL, NULL, NULL, NULL, NULL, NULL, NULL, NULL, NULL, NULL, NULL, NULL, NULL, NULL, NULL, NULL, NULL, NULL, NULL, NULL, NULL, NULL, NULL, NULL, NULL, NULL, NULL, NULL, NULL, NULL, NULL, NULL, NULL, NULL, NULL, NULL, NULL, NULL, 3, 1, NULL, NULL, 3, NULL, NULL, NULL, NULL, NULL, NULL, NULL, NULL, NULL, NULL, NULL, NULL, NULL, NULL, NULL, NULL, NULL, 4, NULL, NULL, NULL, NULL, NULL, NULL, NULL, NULL, NULL, NULL, NULL),
(104, NULL, NULL, NULL, NULL, NULL, NULL, 3, NULL, NULL, NULL, NULL, NULL, NULL, NULL, NULL, NULL, NULL, NULL, NULL, NULL, NULL, NULL, NULL, NULL, NULL, NULL, NULL, NULL, NULL, NULL, NULL, NULL, NULL, NULL, NULL, NULL, NULL, NULL, NULL, NULL, NULL, NULL, NULL, NULL, NULL, NULL, NULL, NULL, NULL, NULL, NULL, NULL, NULL, NULL, NULL, NULL, NULL, NULL, NULL, NULL, NULL, NULL, NULL, NULL, NULL, NULL, NULL, NULL, NULL, NULL, NULL, NULL, NULL, NULL, NULL, NULL, NULL, NULL, NULL, NULL, NULL, NULL, NULL, NULL, NULL, NULL, NULL, NULL, NULL, NULL, NULL, NULL, NULL, NULL, NULL, 4),
(106, NULL, NULL, NULL, NULL, NULL, NULL, NULL, NULL, NULL, NULL, NULL, NULL, NULL, NULL, NULL, NULL, NULL, NULL, NULL, NULL, NULL, NULL, NULL, NULL, NULL, NULL, NULL, NULL, NULL, NULL, NULL, NULL, NULL, NULL, NULL, NULL, NULL, NULL, NULL, NULL, NULL, NULL, 3, NULL, NULL, NULL, NULL, NULL, NULL, NULL, NULL, NULL, NULL, NULL, NULL, NULL, NULL, NULL, NULL, NULL, NULL, NULL, NULL, NULL, NULL, 4, NULL, NULL, NULL, NULL, NULL, NULL, NULL, NULL, NULL, NULL, NULL, NULL, NULL, NULL, NULL, NULL, NULL, NULL, NULL, NULL, NULL, NULL, NULL, NULL, NULL, NULL, 5, NULL, NULL, NULL),
(108, NULL, NULL, NULL, NULL, NULL, NULL, NULL, NULL, NULL, NULL, NULL, NULL, 3, NULL, NULL, NULL, NULL, NULL, NULL, NULL, NULL, NULL, NULL, NULL, NULL, NULL, NULL, NULL, NULL, NULL, NULL, NULL, NULL, NULL, NULL, NULL, NULL, NULL, NULL, NULL, NULL, NULL, NULL, NULL, NULL, NULL, 4, NULL, NULL, NULL, NULL, NULL, NULL, NULL, NULL, NULL, NULL, NULL, NULL, NULL, NULL, NULL, NULL, NULL, NULL, NULL, NULL, NULL, NULL, NULL, NULL, NULL, NULL, NULL, NULL, NULL, NULL, NULL, NULL, NULL, NULL, NULL, NULL, NULL, NULL, NULL, NULL, NULL, NULL, NULL, NULL, NULL, NULL, NULL, NULL, NULL),
(109, 4, NULL, NULL, NULL, 3, NULL, NULL, 3, NULL, NULL, NULL, NULL, NULL, NULL, NULL, NULL, NULL, NULL, NULL, NULL, NULL, NULL, NULL, NULL, NULL, NULL, NULL, NULL, NULL, 4, NULL, NULL, NULL, NULL, NULL, NULL, NULL, NULL, NULL, NULL, NULL, NULL, NULL, NULL, NULL, NULL, NULL, NULL, NULL, NULL, NULL, NULL, NULL, NULL, NULL, NULL, NULL, NULL, 3, NULL, NULL, NULL, NULL, NULL, NULL, NULL, NULL, NULL, NULL, NULL, NULL, NULL, NULL, NULL, NULL, NULL, NULL, NULL, NULL, NULL, NULL, NULL, NULL, NULL, 4, 3, NULL, NULL, NULL, NULL, NULL, NULL, 3, NULL, NULL, 4),
(110, NULL, NULL, NULL, NULL, NULL, NULL, NULL, NULL, NULL, NULL, NULL, NULL, NULL, NULL, NULL, NULL, NULL, NULL, NULL, NULL, NULL, NULL, NULL, NULL, NULL, NULL, NULL, NULL, NULL, NULL, NULL, NULL, NULL, NULL, NULL, 3, NULL, NULL, NULL, NULL, NULL, NULL, NULL, NULL, NULL, NULL, NULL, NULL, NULL, NULL, NULL, NULL, NULL, NULL, NULL, NULL, NULL, NULL, NULL, NULL, NULL, NULL, NULL, NULL, NULL, NULL, NULL, NULL, NULL, NULL, NULL, NULL, NULL, NULL, 4, NULL, NULL, 4, NULL, NULL, NULL, NULL, NULL, NULL, NULL, NULL, NULL, NULL, NULL, NULL, NULL, NULL, NULL, NULL, NULL, NULL),
(115, NULL, NULL, NULL, NULL, NULL, NULL, NULL, 5, NULL, NULL, 4, NULL, NULL, NULL, NULL, NULL, NULL, NULL, 3, NULL, NULL, NULL, NULL, NULL, NULL, NULL, NULL, NULL, NULL, NULL, NULL, NULL, NULL, NULL, NULL, NULL, NULL, NULL, NULL, NULL, NULL, NULL, NULL, NULL, NULL, NULL, NULL, NULL, NULL, NULL, NULL, NULL, NULL, NULL, NULL, NULL, NULL, NULL, NULL, NULL, NULL, NULL, NULL, NULL, NULL, 1, NULL, NULL, NULL, NULL, NULL, NULL, NULL, NULL, NULL, NULL, NULL, NULL, NULL, NULL, NULL, NULL, NULL, NULL, NULL, NULL, NULL, 4, NULL, NULL, NULL, NULL, NULL, NULL, NULL, NULL),
(116, NULL, NULL, NULL, NULL, NULL, NULL, 2, NULL, NULL, NULL, NULL, NULL, NULL, NULL, NULL, NULL, NULL, NULL, NULL, NULL, NULL, NULL, NULL, NULL, NULL, NULL, NULL, NULL, NULL, NULL, NULL, NULL, NULL, NULL, NULL, NULL, NULL, NULL, NULL, NULL, NULL, NULL, NULL, NULL, NULL, NULL, NULL, NULL, NULL, NULL, NULL, NULL, NULL, NULL, NULL, NULL, NULL, NULL, NULL, NULL, NULL, NULL, NULL, NULL, NULL, NULL, NULL, NULL, NULL, NULL, NULL, NULL, NULL, NULL, NULL, NULL, NULL, NULL, NULL, NULL, NULL, NULL, NULL, NULL, NULL, NULL, NULL, NULL, NULL, NULL, NULL, NULL, NULL, NULL, NULL, NULL),
(117, 4, NULL, NULL, NULL, NULL, NULL, NULL, NULL, NULL, NULL, NULL, NULL, NULL, NULL, 5, NULL, NULL, NULL, NULL, NULL, NULL, NULL, NULL, NULL, NULL, NULL, NULL, NULL, NULL, NULL, NULL, NULL, NULL, NULL, NULL, NULL, NULL, NULL, NULL, NULL, NULL, NULL, NULL, NULL, NULL, NULL, 5, NULL, NULL, NULL, NULL, NULL, NULL, NULL, NULL, NULL, NULL, NULL, NULL, NULL, NULL, NULL, NULL, NULL, NULL, NULL, NULL, NULL, NULL, NULL, NULL, NULL, NULL, NULL, NULL, NULL, NULL, NULL, NULL, NULL, NULL, NULL, NULL, NULL, NULL, NULL, NULL, NULL, NULL, NULL, NULL, NULL, NULL, NULL, NULL, NULL),
(119, NULL, NULL, NULL, NULL, NULL, NULL, NULL, NULL, NULL, NULL, NULL, NULL, NULL, NULL, NULL, NULL, NULL, NULL, NULL, NULL, NULL, NULL, NULL, NULL, NULL, NULL, NULL, NULL, NULL, NULL, NULL, NULL, NULL, NULL, NULL, NULL, NULL, NULL, NULL, NULL, NULL, NULL, NULL, NULL, NULL, NULL, NULL, NULL, NULL, NULL, 4, NULL, NULL, NULL, NULL, NULL, NULL, NULL, NULL, NULL, NULL, NULL, NULL, NULL, NULL, NULL, NULL, NULL, NULL, NULL, NULL, NULL, NULL, NULL, NULL, NULL, NULL, NULL, NULL, NULL, NULL, NULL, NULL, NULL, NULL, NULL, NULL, NULL, NULL, NULL, NULL, NULL, NULL, NULL, NULL, NULL),
(121, NULL, NULL, NULL, NULL, NULL, NULL, NULL, NULL, NULL, NULL, NULL, NULL, NULL, 5, NULL, NULL, NULL, NULL, NULL, NULL, NULL, NULL, NULL, NULL, NULL, NULL, NULL, NULL, NULL, NULL, NULL, NULL, NULL, NULL, NULL, NULL, NULL, NULL, NULL, NULL, NULL, NULL, NULL, NULL, NULL, NULL, NULL, NULL, NULL, NULL, NULL, NULL, NULL, NULL, NULL, NULL, NULL, NULL, NULL, NULL, NULL, NULL, NULL, NULL, NULL, NULL, NULL, NULL, NULL, NULL, NULL, NULL, NULL, NULL, NULL, NULL, NULL, NULL, NULL, NULL, NULL, 5, NULL, NULL, NULL, NULL, NULL, NULL, NULL, NULL, NULL, NULL, NULL, NULL, NULL, NULL),
(123, NULL, NULL, NULL, NULL, NULL, NULL, NULL, NULL, NULL, NULL, NULL, NULL, 3, NULL, NULL, NULL, NULL, NULL, NULL, NULL, 4, NULL, NULL, NULL, NULL, NULL, NULL, NULL, NULL, NULL, NULL, NULL, NULL, NULL, NULL, NULL, NULL, NULL, NULL, NULL, NULL, NULL, NULL, NULL, NULL, NULL, NULL, NULL, NULL, NULL, NULL, NULL, NULL, NULL, NULL, NULL, NULL, NULL, NULL, NULL, NULL, NULL, NULL, NULL, NULL, NULL, NULL, NULL, NULL, NULL, NULL, NULL, NULL, NULL, NULL, NULL, NULL, NULL, NULL, NULL, NULL, NULL, NULL, NULL, NULL, NULL, NULL, NULL, NULL, NULL, NULL, NULL, NULL, NULL, NULL, NULL),
(124, NULL, NULL, NULL, NULL, NULL, NULL, NULL, NULL, NULL, NULL, 5, NULL, NULL, NULL, NULL, NULL, NULL, NULL, NULL, NULL, NULL, NULL, NULL, NULL, NULL, NULL, NULL, NULL, NULL, NULL, NULL, NULL, NULL, NULL, NULL, NULL, NULL, NULL, NULL, NULL, NULL, NULL, NULL, NULL, NULL, NULL, 3, NULL, NULL, NULL, NULL, NULL, NULL, NULL, NULL, NULL, NULL, NULL, NULL, NULL, NULL, NULL, NULL, NULL, NULL, NULL, NULL, NULL, NULL, NULL, NULL, NULL, NULL, NULL, NULL, NULL, NULL, NULL, NULL, NULL, NULL, NULL, NULL, NULL, NULL, NULL, NULL, NULL, NULL, NULL, NULL, NULL, NULL, NULL, NULL, NULL);
INSERT INTO `rating_matrix` (`id_user`, `Rui_1`, `Rui_2`, `Rui_3`, `Rui_4`, `Rui_5`, `Rui_6`, `Rui_7`, `Rui_8`, `Rui_9`, `Rui_10`, `Rui_11`, `Rui_12`, `Rui_13`, `Rui_14`, `Rui_15`, `Rui_16`, `Rui_17`, `Rui_19`, `Rui_20`, `Rui_21`, `Rui_22`, `Rui_23`, `Rui_24`, `Rui_25`, `Rui_26`, `Rui_27`, `Rui_28`, `Rui_29`, `Rui_30`, `Rui_31`, `Rui_32`, `Rui_33`, `Rui_34`, `Rui_36`, `Rui_37`, `Rui_38`, `Rui_39`, `Rui_40`, `Rui_41`, `Rui_42`, `Rui_43`, `Rui_44`, `Rui_45`, `Rui_47`, `Rui_48`, `Rui_49`, `Rui_50`, `Rui_51`, `Rui_52`, `Rui_53`, `Rui_54`, `Rui_55`, `Rui_56`, `Rui_57`, `Rui_58`, `Rui_59`, `Rui_60`, `Rui_61`, `Rui_62`, `Rui_63`, `Rui_64`, `Rui_65`, `Rui_66`, `Rui_67`, `Rui_68`, `Rui_69`, `Rui_70`, `Rui_71`, `Rui_72`, `Rui_73`, `Rui_74`, `Rui_76`, `Rui_77`, `Rui_78`, `Rui_79`, `Rui_80`, `Rui_81`, `Rui_82`, `Rui_83`, `Rui_84`, `Rui_85`, `Rui_86`, `Rui_87`, `Rui_88`, `Rui_89`, `Rui_90`, `Rui_91`, `Rui_92`, `Rui_93`, `Rui_94`, `Rui_95`, `Rui_96`, `Rui_97`, `Rui_98`, `Rui_99`, `Rui_100`) VALUES
(125, NULL, NULL, NULL, NULL, NULL, NULL, NULL, NULL, NULL, NULL, NULL, NULL, NULL, NULL, NULL, NULL, NULL, NULL, NULL, NULL, 5, NULL, NULL, NULL, NULL, NULL, NULL, NULL, NULL, NULL, NULL, NULL, NULL, NULL, NULL, NULL, NULL, NULL, NULL, NULL, NULL, NULL, NULL, NULL, NULL, NULL, NULL, NULL, NULL, NULL, NULL, NULL, NULL, NULL, NULL, NULL, NULL, NULL, NULL, NULL, NULL, NULL, NULL, NULL, NULL, NULL, NULL, NULL, NULL, NULL, NULL, NULL, NULL, NULL, NULL, 4, NULL, NULL, NULL, NULL, NULL, NULL, NULL, NULL, NULL, NULL, NULL, NULL, NULL, NULL, NULL, NULL, 3, NULL, NULL, NULL),
(128, NULL, NULL, NULL, NULL, NULL, NULL, NULL, NULL, NULL, NULL, NULL, NULL, NULL, NULL, 4, NULL, NULL, NULL, NULL, NULL, NULL, NULL, NULL, NULL, NULL, NULL, NULL, NULL, NULL, NULL, NULL, NULL, NULL, NULL, NULL, NULL, NULL, NULL, NULL, NULL, NULL, NULL, NULL, NULL, NULL, NULL, NULL, NULL, NULL, NULL, NULL, NULL, NULL, NULL, NULL, NULL, NULL, NULL, NULL, NULL, NULL, NULL, NULL, NULL, NULL, NULL, NULL, NULL, NULL, NULL, NULL, NULL, 3, NULL, 4, NULL, NULL, NULL, 5, NULL, NULL, NULL, NULL, NULL, NULL, NULL, NULL, NULL, NULL, NULL, NULL, NULL, NULL, NULL, NULL, NULL),
(130, NULL, NULL, NULL, NULL, NULL, NULL, NULL, NULL, NULL, NULL, NULL, NULL, NULL, NULL, NULL, NULL, NULL, NULL, NULL, NULL, NULL, NULL, NULL, NULL, NULL, NULL, NULL, NULL, NULL, NULL, NULL, NULL, NULL, NULL, NULL, NULL, NULL, NULL, NULL, NULL, NULL, NULL, NULL, NULL, NULL, NULL, 5, NULL, NULL, NULL, NULL, 5, 5, NULL, NULL, NULL, NULL, NULL, NULL, NULL, NULL, NULL, NULL, NULL, NULL, NULL, NULL, 5, NULL, NULL, NULL, NULL, NULL, NULL, NULL, NULL, NULL, NULL, NULL, NULL, NULL, NULL, NULL, NULL, NULL, NULL, NULL, NULL, NULL, NULL, NULL, NULL, NULL, NULL, NULL, NULL),
(135, NULL, NULL, NULL, NULL, NULL, NULL, NULL, NULL, NULL, NULL, NULL, NULL, NULL, NULL, NULL, NULL, NULL, NULL, NULL, NULL, NULL, 4, NULL, NULL, NULL, NULL, NULL, NULL, NULL, NULL, NULL, NULL, NULL, NULL, NULL, NULL, 3, NULL, NULL, NULL, NULL, NULL, NULL, NULL, NULL, NULL, NULL, NULL, NULL, NULL, NULL, NULL, NULL, NULL, NULL, NULL, NULL, NULL, NULL, NULL, NULL, NULL, NULL, NULL, NULL, NULL, NULL, NULL, NULL, NULL, NULL, NULL, NULL, NULL, NULL, NULL, NULL, NULL, NULL, NULL, NULL, NULL, NULL, NULL, NULL, NULL, NULL, NULL, NULL, NULL, NULL, NULL, NULL, NULL, NULL, NULL),
(136, NULL, NULL, NULL, NULL, NULL, NULL, NULL, NULL, NULL, NULL, NULL, NULL, NULL, 5, NULL, NULL, NULL, NULL, NULL, NULL, NULL, NULL, NULL, NULL, NULL, NULL, NULL, NULL, NULL, NULL, NULL, NULL, NULL, NULL, NULL, NULL, NULL, NULL, NULL, NULL, NULL, NULL, NULL, NULL, NULL, NULL, NULL, NULL, NULL, NULL, NULL, NULL, 4, NULL, NULL, NULL, NULL, NULL, NULL, NULL, NULL, NULL, NULL, NULL, NULL, NULL, NULL, NULL, NULL, NULL, NULL, NULL, NULL, NULL, NULL, NULL, NULL, NULL, NULL, NULL, NULL, NULL, NULL, NULL, 4, NULL, NULL, NULL, NULL, NULL, NULL, NULL, NULL, NULL, NULL, NULL),
(137, NULL, NULL, NULL, NULL, NULL, NULL, NULL, NULL, NULL, NULL, NULL, NULL, NULL, NULL, NULL, NULL, NULL, NULL, NULL, NULL, NULL, NULL, NULL, NULL, NULL, NULL, NULL, NULL, NULL, NULL, NULL, NULL, NULL, NULL, NULL, NULL, NULL, NULL, NULL, NULL, NULL, NULL, NULL, NULL, NULL, NULL, NULL, NULL, NULL, NULL, NULL, 5, NULL, NULL, NULL, NULL, NULL, NULL, NULL, NULL, NULL, NULL, NULL, NULL, NULL, NULL, NULL, NULL, NULL, NULL, NULL, NULL, NULL, NULL, NULL, NULL, NULL, NULL, NULL, NULL, NULL, NULL, NULL, NULL, NULL, NULL, NULL, NULL, NULL, NULL, NULL, NULL, NULL, NULL, NULL, NULL),
(138, NULL, NULL, NULL, NULL, NULL, NULL, NULL, NULL, NULL, NULL, NULL, NULL, NULL, NULL, NULL, NULL, NULL, NULL, NULL, NULL, NULL, NULL, NULL, NULL, 5, NULL, NULL, NULL, NULL, NULL, NULL, NULL, NULL, NULL, NULL, NULL, NULL, NULL, NULL, NULL, NULL, NULL, NULL, NULL, NULL, NULL, NULL, NULL, NULL, NULL, NULL, NULL, NULL, NULL, NULL, NULL, NULL, NULL, NULL, NULL, NULL, NULL, NULL, NULL, NULL, NULL, NULL, NULL, NULL, NULL, NULL, NULL, NULL, NULL, NULL, NULL, NULL, NULL, NULL, NULL, NULL, NULL, NULL, NULL, NULL, NULL, NULL, NULL, NULL, NULL, NULL, NULL, NULL, NULL, NULL, 5),
(142, NULL, NULL, NULL, NULL, NULL, NULL, NULL, NULL, NULL, NULL, NULL, NULL, NULL, NULL, NULL, NULL, NULL, NULL, NULL, NULL, NULL, NULL, NULL, NULL, NULL, NULL, NULL, NULL, NULL, NULL, NULL, NULL, NULL, NULL, NULL, NULL, NULL, NULL, NULL, NULL, NULL, NULL, NULL, NULL, NULL, NULL, NULL, NULL, NULL, NULL, NULL, NULL, NULL, NULL, NULL, NULL, NULL, NULL, NULL, NULL, NULL, NULL, NULL, NULL, NULL, NULL, NULL, NULL, NULL, NULL, NULL, NULL, NULL, NULL, NULL, NULL, NULL, 4, NULL, NULL, NULL, NULL, NULL, NULL, NULL, NULL, NULL, NULL, NULL, NULL, NULL, NULL, NULL, NULL, NULL, NULL),
(144, NULL, NULL, 3, NULL, NULL, NULL, NULL, NULL, NULL, NULL, NULL, NULL, NULL, NULL, NULL, NULL, NULL, NULL, NULL, NULL, NULL, NULL, NULL, NULL, NULL, NULL, NULL, NULL, NULL, NULL, NULL, NULL, NULL, NULL, NULL, NULL, NULL, NULL, NULL, NULL, NULL, NULL, NULL, NULL, NULL, NULL, NULL, NULL, NULL, NULL, NULL, NULL, NULL, NULL, NULL, NULL, NULL, NULL, 2, NULL, 5, NULL, 4, NULL, NULL, NULL, NULL, NULL, NULL, NULL, NULL, NULL, NULL, NULL, NULL, NULL, NULL, NULL, NULL, NULL, NULL, NULL, NULL, NULL, 3, NULL, 2, NULL, NULL, NULL, NULL, NULL, NULL, NULL, NULL, NULL),
(145, 3, NULL, NULL, NULL, NULL, NULL, NULL, NULL, NULL, NULL, NULL, NULL, 5, NULL, 2, NULL, NULL, NULL, NULL, NULL, 5, NULL, NULL, 2, NULL, NULL, NULL, NULL, NULL, NULL, NULL, NULL, NULL, NULL, NULL, NULL, NULL, NULL, NULL, NULL, NULL, NULL, NULL, NULL, NULL, NULL, 5, NULL, NULL, NULL, NULL, NULL, 5, NULL, NULL, NULL, NULL, NULL, NULL, NULL, NULL, NULL, NULL, NULL, NULL, NULL, NULL, NULL, NULL, NULL, NULL, NULL, NULL, NULL, NULL, NULL, NULL, NULL, NULL, NULL, NULL, NULL, NULL, NULL, NULL, NULL, NULL, NULL, NULL, NULL, NULL, NULL, NULL, NULL, NULL, NULL),
(148, 4, NULL, NULL, NULL, NULL, NULL, NULL, NULL, NULL, NULL, NULL, NULL, NULL, NULL, NULL, NULL, NULL, NULL, NULL, NULL, NULL, NULL, NULL, NULL, NULL, NULL, NULL, NULL, NULL, NULL, NULL, NULL, NULL, NULL, NULL, NULL, NULL, NULL, NULL, NULL, NULL, NULL, NULL, NULL, NULL, NULL, NULL, NULL, NULL, NULL, NULL, NULL, NULL, NULL, NULL, NULL, NULL, NULL, NULL, NULL, NULL, NULL, NULL, NULL, NULL, NULL, 5, NULL, NULL, NULL, NULL, NULL, NULL, NULL, NULL, NULL, NULL, NULL, NULL, NULL, NULL, NULL, NULL, NULL, NULL, NULL, NULL, NULL, NULL, NULL, NULL, NULL, NULL, 3, NULL, NULL),
(150, 4, NULL, NULL, NULL, NULL, NULL, NULL, NULL, NULL, NULL, NULL, NULL, 4, NULL, NULL, NULL, NULL, NULL, NULL, NULL, NULL, NULL, NULL, NULL, NULL, NULL, NULL, NULL, NULL, NULL, NULL, NULL, NULL, NULL, NULL, NULL, NULL, NULL, NULL, NULL, NULL, NULL, NULL, NULL, NULL, NULL, NULL, NULL, NULL, NULL, NULL, NULL, NULL, NULL, NULL, NULL, NULL, NULL, NULL, NULL, NULL, NULL, NULL, NULL, NULL, NULL, NULL, NULL, NULL, NULL, NULL, NULL, NULL, NULL, NULL, NULL, NULL, NULL, NULL, NULL, NULL, NULL, NULL, NULL, NULL, NULL, NULL, NULL, NULL, NULL, NULL, NULL, NULL, NULL, NULL, 2),
(151, NULL, NULL, NULL, NULL, NULL, NULL, 4, NULL, NULL, 5, NULL, 5, 3, NULL, 4, NULL, NULL, NULL, NULL, NULL, NULL, NULL, NULL, 4, NULL, NULL, NULL, NULL, NULL, NULL, NULL, NULL, NULL, NULL, NULL, NULL, NULL, NULL, NULL, NULL, NULL, NULL, NULL, NULL, NULL, NULL, NULL, NULL, NULL, NULL, NULL, NULL, NULL, NULL, 4, NULL, NULL, NULL, NULL, NULL, NULL, NULL, 4, NULL, NULL, NULL, NULL, NULL, NULL, NULL, NULL, NULL, NULL, NULL, NULL, NULL, NULL, NULL, NULL, NULL, NULL, NULL, NULL, NULL, 5, NULL, NULL, NULL, NULL, NULL, NULL, NULL, NULL, NULL, NULL, NULL),
(152, NULL, NULL, NULL, NULL, NULL, NULL, NULL, NULL, NULL, NULL, NULL, NULL, NULL, NULL, NULL, NULL, NULL, NULL, NULL, NULL, NULL, NULL, NULL, 3, NULL, NULL, NULL, NULL, NULL, NULL, NULL, NULL, NULL, NULL, NULL, NULL, NULL, NULL, NULL, NULL, NULL, NULL, NULL, NULL, NULL, NULL, NULL, NULL, NULL, NULL, NULL, NULL, NULL, NULL, NULL, NULL, NULL, NULL, NULL, NULL, NULL, NULL, NULL, NULL, NULL, NULL, NULL, NULL, NULL, NULL, NULL, NULL, NULL, NULL, NULL, NULL, NULL, NULL, NULL, NULL, NULL, NULL, NULL, NULL, NULL, NULL, NULL, NULL, NULL, NULL, NULL, NULL, 5, NULL, NULL, NULL),
(156, NULL, NULL, NULL, NULL, NULL, NULL, NULL, NULL, NULL, NULL, NULL, NULL, NULL, NULL, NULL, NULL, NULL, NULL, NULL, NULL, NULL, NULL, NULL, NULL, NULL, NULL, NULL, NULL, NULL, NULL, NULL, NULL, NULL, NULL, NULL, NULL, NULL, NULL, NULL, NULL, NULL, NULL, NULL, NULL, NULL, NULL, NULL, NULL, NULL, NULL, NULL, NULL, NULL, NULL, 4, NULL, NULL, NULL, NULL, NULL, NULL, NULL, NULL, NULL, NULL, NULL, NULL, NULL, NULL, NULL, NULL, NULL, NULL, NULL, NULL, NULL, NULL, NULL, NULL, NULL, NULL, NULL, NULL, NULL, NULL, NULL, NULL, NULL, NULL, NULL, NULL, NULL, NULL, NULL, NULL, NULL),
(157, NULL, NULL, NULL, NULL, NULL, NULL, NULL, NULL, NULL, NULL, NULL, NULL, NULL, NULL, NULL, NULL, NULL, NULL, NULL, NULL, NULL, NULL, NULL, 3, NULL, NULL, NULL, NULL, NULL, NULL, NULL, NULL, NULL, NULL, NULL, NULL, NULL, NULL, NULL, NULL, NULL, NULL, NULL, NULL, NULL, NULL, NULL, NULL, NULL, NULL, NULL, NULL, NULL, NULL, NULL, NULL, NULL, NULL, NULL, NULL, NULL, NULL, NULL, NULL, NULL, NULL, NULL, NULL, NULL, NULL, NULL, NULL, NULL, NULL, NULL, NULL, NULL, NULL, NULL, NULL, NULL, NULL, NULL, NULL, NULL, NULL, NULL, NULL, NULL, NULL, NULL, NULL, NULL, NULL, NULL, NULL),
(158, 4, NULL, NULL, NULL, NULL, NULL, NULL, 5, NULL, NULL, NULL, NULL, NULL, NULL, NULL, NULL, NULL, NULL, NULL, NULL, NULL, NULL, 4, NULL, NULL, NULL, NULL, NULL, NULL, NULL, NULL, NULL, NULL, NULL, NULL, 4, NULL, NULL, NULL, 3, NULL, NULL, NULL, NULL, NULL, NULL, NULL, NULL, NULL, NULL, NULL, NULL, NULL, NULL, NULL, NULL, NULL, NULL, NULL, NULL, NULL, NULL, NULL, NULL, NULL, NULL, NULL, NULL, 3, NULL, NULL, NULL, NULL, NULL, 4, NULL, NULL, NULL, NULL, NULL, 4, NULL, NULL, NULL, NULL, NULL, NULL, NULL, NULL, NULL, NULL, NULL, NULL, NULL, NULL, NULL),
(160, NULL, NULL, 3, NULL, NULL, NULL, NULL, NULL, NULL, NULL, NULL, NULL, NULL, NULL, NULL, NULL, NULL, NULL, NULL, NULL, NULL, NULL, NULL, NULL, NULL, NULL, NULL, NULL, NULL, NULL, NULL, NULL, NULL, NULL, NULL, NULL, NULL, NULL, NULL, NULL, NULL, NULL, NULL, NULL, NULL, NULL, NULL, NULL, NULL, NULL, NULL, NULL, 5, NULL, NULL, NULL, NULL, NULL, NULL, NULL, NULL, NULL, NULL, NULL, NULL, NULL, NULL, NULL, NULL, NULL, NULL, NULL, NULL, NULL, NULL, NULL, NULL, NULL, NULL, NULL, NULL, NULL, NULL, NULL, NULL, NULL, NULL, NULL, 5, NULL, NULL, NULL, NULL, NULL, NULL, NULL),
(161, NULL, NULL, NULL, NULL, NULL, NULL, NULL, NULL, NULL, NULL, NULL, NULL, NULL, 4, NULL, NULL, NULL, NULL, NULL, NULL, NULL, NULL, NULL, NULL, NULL, NULL, NULL, NULL, NULL, NULL, NULL, NULL, NULL, NULL, NULL, NULL, NULL, NULL, NULL, NULL, NULL, NULL, NULL, NULL, 1, NULL, NULL, NULL, NULL, NULL, NULL, NULL, NULL, NULL, NULL, NULL, NULL, NULL, NULL, NULL, NULL, NULL, NULL, NULL, NULL, NULL, NULL, NULL, NULL, NULL, NULL, NULL, NULL, NULL, NULL, NULL, NULL, NULL, NULL, NULL, NULL, NULL, NULL, NULL, NULL, NULL, NULL, NULL, NULL, NULL, NULL, NULL, NULL, 4, NULL, NULL),
(162, NULL, NULL, NULL, NULL, NULL, NULL, NULL, NULL, NULL, NULL, NULL, NULL, NULL, NULL, NULL, NULL, NULL, NULL, NULL, NULL, NULL, NULL, NULL, 4, NULL, NULL, NULL, NULL, NULL, NULL, NULL, NULL, NULL, NULL, NULL, NULL, NULL, NULL, NULL, NULL, NULL, NULL, NULL, NULL, NULL, NULL, NULL, NULL, NULL, NULL, NULL, NULL, NULL, NULL, NULL, NULL, NULL, NULL, NULL, NULL, NULL, NULL, NULL, NULL, NULL, NULL, NULL, NULL, NULL, NULL, NULL, NULL, NULL, NULL, NULL, NULL, NULL, NULL, NULL, NULL, NULL, NULL, NULL, NULL, NULL, NULL, NULL, NULL, NULL, NULL, NULL, NULL, NULL, NULL, NULL, NULL),
(167, NULL, NULL, NULL, NULL, NULL, NULL, NULL, NULL, NULL, NULL, NULL, NULL, NULL, NULL, NULL, NULL, NULL, NULL, NULL, NULL, NULL, NULL, NULL, NULL, NULL, NULL, NULL, NULL, NULL, NULL, NULL, NULL, NULL, NULL, NULL, NULL, NULL, NULL, NULL, NULL, NULL, NULL, NULL, NULL, 1, NULL, NULL, NULL, NULL, NULL, NULL, NULL, NULL, NULL, NULL, NULL, NULL, NULL, NULL, NULL, NULL, NULL, NULL, NULL, NULL, NULL, NULL, NULL, NULL, NULL, NULL, NULL, NULL, NULL, NULL, NULL, NULL, NULL, NULL, NULL, NULL, NULL, NULL, NULL, NULL, NULL, NULL, NULL, NULL, NULL, NULL, NULL, NULL, NULL, NULL, NULL),
(174, NULL, NULL, NULL, NULL, NULL, NULL, NULL, NULL, NULL, NULL, NULL, NULL, NULL, NULL, NULL, NULL, NULL, NULL, NULL, NULL, NULL, NULL, NULL, NULL, NULL, NULL, NULL, NULL, NULL, NULL, NULL, NULL, NULL, NULL, NULL, NULL, NULL, NULL, 1, NULL, NULL, NULL, NULL, NULL, NULL, NULL, NULL, NULL, NULL, NULL, NULL, NULL, NULL, NULL, NULL, NULL, NULL, NULL, NULL, NULL, NULL, NULL, NULL, NULL, NULL, NULL, NULL, NULL, NULL, NULL, NULL, NULL, NULL, NULL, NULL, 1, NULL, NULL, NULL, NULL, NULL, NULL, NULL, NULL, NULL, NULL, NULL, NULL, NULL, NULL, NULL, NULL, NULL, NULL, NULL, NULL),
(175, NULL, NULL, NULL, NULL, NULL, NULL, NULL, NULL, NULL, NULL, NULL, NULL, NULL, NULL, NULL, NULL, NULL, NULL, NULL, NULL, NULL, NULL, NULL, NULL, NULL, NULL, NULL, NULL, NULL, 4, NULL, NULL, NULL, NULL, NULL, NULL, NULL, NULL, NULL, NULL, NULL, NULL, NULL, NULL, NULL, NULL, NULL, NULL, NULL, NULL, NULL, NULL, NULL, NULL, NULL, NULL, NULL, NULL, NULL, NULL, NULL, NULL, NULL, NULL, NULL, NULL, NULL, 4, NULL, NULL, NULL, NULL, NULL, NULL, NULL, NULL, NULL, NULL, NULL, NULL, NULL, NULL, NULL, NULL, NULL, NULL, NULL, NULL, NULL, NULL, NULL, 3, NULL, NULL, NULL, NULL),
(177, NULL, NULL, NULL, NULL, NULL, NULL, NULL, NULL, NULL, NULL, NULL, NULL, NULL, NULL, NULL, NULL, NULL, NULL, NULL, NULL, NULL, NULL, NULL, NULL, NULL, NULL, NULL, NULL, NULL, NULL, NULL, NULL, NULL, NULL, NULL, NULL, NULL, NULL, NULL, NULL, NULL, NULL, NULL, NULL, NULL, NULL, NULL, NULL, NULL, NULL, NULL, NULL, 5, NULL, NULL, NULL, NULL, NULL, NULL, NULL, NULL, NULL, NULL, NULL, NULL, 1, NULL, NULL, NULL, NULL, NULL, NULL, NULL, NULL, 4, NULL, NULL, NULL, NULL, NULL, NULL, NULL, NULL, NULL, 5, NULL, NULL, NULL, NULL, NULL, NULL, NULL, NULL, NULL, NULL, NULL),
(178, NULL, NULL, NULL, NULL, NULL, NULL, NULL, NULL, NULL, NULL, NULL, NULL, NULL, NULL, NULL, NULL, NULL, NULL, NULL, NULL, NULL, NULL, NULL, NULL, NULL, NULL, NULL, NULL, NULL, NULL, NULL, NULL, NULL, NULL, NULL, NULL, NULL, NULL, NULL, NULL, NULL, NULL, NULL, NULL, NULL, NULL, NULL, NULL, NULL, NULL, NULL, NULL, NULL, NULL, NULL, NULL, NULL, NULL, NULL, NULL, NULL, NULL, NULL, NULL, NULL, NULL, NULL, NULL, NULL, 5, NULL, NULL, NULL, NULL, NULL, NULL, NULL, NULL, NULL, NULL, NULL, NULL, NULL, NULL, NULL, NULL, NULL, NULL, NULL, NULL, NULL, NULL, NULL, NULL, NULL, NULL),
(180, NULL, NULL, NULL, NULL, NULL, NULL, NULL, NULL, NULL, NULL, NULL, NULL, NULL, NULL, NULL, NULL, NULL, NULL, NULL, NULL, NULL, NULL, NULL, NULL, NULL, NULL, NULL, NULL, NULL, NULL, NULL, NULL, NULL, NULL, NULL, NULL, NULL, NULL, NULL, NULL, NULL, NULL, NULL, NULL, NULL, NULL, NULL, NULL, NULL, NULL, NULL, NULL, NULL, NULL, NULL, NULL, NULL, NULL, NULL, NULL, NULL, NULL, NULL, 1, 5, NULL, NULL, NULL, NULL, NULL, NULL, NULL, NULL, NULL, 3, NULL, NULL, NULL, NULL, NULL, NULL, NULL, NULL, NULL, NULL, NULL, NULL, NULL, NULL, NULL, NULL, NULL, NULL, NULL, NULL, NULL),
(181, 3, NULL, 2, NULL, NULL, NULL, 4, NULL, NULL, NULL, NULL, NULL, NULL, 1, NULL, 1, NULL, NULL, 1, NULL, NULL, NULL, NULL, NULL, NULL, NULL, NULL, NULL, NULL, NULL, NULL, NULL, NULL, NULL, NULL, NULL, NULL, NULL, NULL, NULL, NULL, NULL, NULL, NULL, NULL, NULL, NULL, NULL, NULL, NULL, NULL, NULL, NULL, NULL, NULL, NULL, NULL, NULL, NULL, NULL, NULL, NULL, NULL, NULL, NULL, NULL, NULL, NULL, NULL, NULL, NULL, NULL, NULL, NULL, NULL, NULL, NULL, NULL, NULL, NULL, NULL, NULL, NULL, NULL, NULL, NULL, NULL, NULL, NULL, NULL, NULL, NULL, NULL, NULL, NULL, NULL),
(182, NULL, NULL, NULL, NULL, NULL, NULL, NULL, NULL, NULL, NULL, NULL, NULL, NULL, NULL, NULL, NULL, NULL, NULL, NULL, NULL, NULL, NULL, NULL, NULL, NULL, NULL, NULL, NULL, NULL, NULL, NULL, NULL, NULL, NULL, NULL, NULL, NULL, NULL, NULL, NULL, NULL, NULL, NULL, NULL, NULL, NULL, NULL, NULL, NULL, NULL, NULL, NULL, NULL, NULL, NULL, NULL, NULL, NULL, NULL, NULL, NULL, NULL, NULL, NULL, NULL, 5, NULL, NULL, NULL, NULL, NULL, NULL, NULL, NULL, NULL, NULL, NULL, NULL, NULL, NULL, NULL, NULL, NULL, NULL, NULL, NULL, NULL, NULL, NULL, NULL, NULL, NULL, NULL, NULL, NULL, NULL),
(183, NULL, NULL, NULL, NULL, NULL, NULL, NULL, NULL, NULL, NULL, NULL, NULL, NULL, NULL, NULL, NULL, NULL, NULL, NULL, NULL, NULL, NULL, NULL, NULL, NULL, NULL, NULL, NULL, NULL, NULL, NULL, NULL, NULL, NULL, NULL, NULL, NULL, NULL, NULL, NULL, NULL, NULL, NULL, NULL, NULL, NULL, NULL, NULL, NULL, NULL, NULL, NULL, NULL, NULL, NULL, NULL, NULL, NULL, NULL, NULL, NULL, NULL, NULL, NULL, NULL, NULL, NULL, NULL, NULL, NULL, NULL, NULL, NULL, NULL, NULL, NULL, NULL, NULL, NULL, NULL, NULL, NULL, NULL, NULL, NULL, NULL, NULL, NULL, NULL, NULL, NULL, 3, NULL, NULL, NULL, NULL),
(184, NULL, NULL, NULL, NULL, NULL, NULL, NULL, NULL, NULL, NULL, NULL, NULL, NULL, 4, NULL, NULL, NULL, NULL, NULL, NULL, NULL, NULL, NULL, NULL, NULL, NULL, NULL, NULL, NULL, NULL, NULL, NULL, NULL, 3, NULL, NULL, NULL, NULL, NULL, NULL, NULL, NULL, NULL, 4, NULL, NULL, NULL, NULL, NULL, NULL, NULL, NULL, NULL, NULL, NULL, NULL, NULL, NULL, NULL, NULL, NULL, NULL, NULL, NULL, NULL, NULL, NULL, 4, NULL, NULL, NULL, NULL, NULL, NULL, NULL, NULL, NULL, NULL, NULL, NULL, NULL, 5, NULL, NULL, NULL, NULL, NULL, NULL, NULL, NULL, NULL, NULL, NULL, 4, NULL, 5),
(185, NULL, NULL, NULL, NULL, NULL, NULL, NULL, NULL, NULL, NULL, NULL, NULL, NULL, NULL, NULL, NULL, NULL, NULL, NULL, NULL, NULL, 4, NULL, NULL, NULL, NULL, NULL, NULL, NULL, NULL, NULL, NULL, NULL, NULL, NULL, NULL, NULL, NULL, NULL, NULL, NULL, NULL, NULL, NULL, NULL, NULL, NULL, NULL, NULL, NULL, NULL, NULL, NULL, NULL, NULL, NULL, NULL, NULL, NULL, NULL, NULL, NULL, NULL, NULL, NULL, NULL, NULL, NULL, NULL, NULL, NULL, NULL, NULL, NULL, NULL, NULL, NULL, NULL, NULL, NULL, NULL, NULL, NULL, NULL, NULL, NULL, NULL, NULL, NULL, NULL, NULL, NULL, NULL, NULL, NULL, NULL),
(186, NULL, NULL, NULL, NULL, NULL, NULL, NULL, NULL, NULL, NULL, NULL, NULL, NULL, NULL, NULL, NULL, NULL, NULL, NULL, NULL, NULL, NULL, NULL, NULL, NULL, NULL, NULL, NULL, NULL, NULL, NULL, NULL, NULL, NULL, NULL, NULL, NULL, NULL, NULL, NULL, NULL, NULL, NULL, NULL, NULL, NULL, NULL, NULL, NULL, 1, NULL, NULL, NULL, NULL, NULL, NULL, NULL, NULL, NULL, NULL, NULL, NULL, NULL, NULL, NULL, NULL, NULL, NULL, NULL, NULL, NULL, NULL, NULL, NULL, NULL, NULL, NULL, NULL, NULL, NULL, NULL, NULL, NULL, NULL, NULL, NULL, NULL, NULL, NULL, NULL, NULL, NULL, NULL, NULL, NULL, NULL),
(187, NULL, NULL, NULL, NULL, NULL, NULL, NULL, NULL, NULL, NULL, NULL, NULL, NULL, NULL, NULL, NULL, NULL, NULL, NULL, NULL, NULL, NULL, NULL, NULL, NULL, NULL, NULL, NULL, NULL, NULL, NULL, NULL, NULL, NULL, NULL, NULL, NULL, NULL, NULL, NULL, NULL, NULL, NULL, NULL, NULL, NULL, NULL, NULL, NULL, NULL, NULL, NULL, NULL, NULL, NULL, NULL, NULL, NULL, NULL, NULL, 5, NULL, NULL, NULL, NULL, NULL, 4, NULL, NULL, NULL, NULL, NULL, NULL, NULL, NULL, NULL, NULL, NULL, NULL, NULL, NULL, NULL, NULL, NULL, NULL, NULL, NULL, NULL, NULL, NULL, NULL, NULL, NULL, NULL, NULL, NULL),
(188, NULL, NULL, NULL, NULL, NULL, NULL, NULL, NULL, NULL, NULL, NULL, NULL, NULL, NULL, NULL, NULL, NULL, NULL, NULL, NULL, NULL, NULL, NULL, NULL, NULL, NULL, NULL, NULL, NULL, NULL, NULL, NULL, NULL, NULL, NULL, NULL, NULL, NULL, NULL, NULL, NULL, NULL, NULL, NULL, NULL, NULL, NULL, NULL, NULL, NULL, NULL, NULL, NULL, NULL, NULL, NULL, NULL, NULL, NULL, NULL, NULL, NULL, NULL, NULL, NULL, NULL, NULL, NULL, NULL, NULL, NULL, NULL, NULL, NULL, NULL, NULL, NULL, NULL, NULL, NULL, NULL, NULL, NULL, 4, NULL, NULL, NULL, NULL, NULL, NULL, NULL, 5, NULL, NULL, NULL, NULL),
(189, 5, NULL, NULL, NULL, NULL, NULL, NULL, NULL, NULL, NULL, NULL, NULL, NULL, NULL, NULL, NULL, NULL, NULL, 5, NULL, NULL, NULL, NULL, NULL, NULL, NULL, NULL, NULL, 4, NULL, NULL, NULL, NULL, NULL, NULL, NULL, NULL, NULL, NULL, NULL, NULL, NULL, 3, NULL, NULL, NULL, NULL, NULL, NULL, NULL, NULL, NULL, 5, NULL, NULL, NULL, NULL, NULL, NULL, NULL, NULL, NULL, NULL, NULL, NULL, NULL, NULL, NULL, NULL, NULL, NULL, NULL, NULL, NULL, NULL, NULL, NULL, NULL, NULL, NULL, NULL, NULL, NULL, NULL, NULL, NULL, 3, NULL, NULL, NULL, NULL, NULL, NULL, NULL, NULL, NULL),
(193, NULL, NULL, NULL, NULL, NULL, NULL, NULL, NULL, NULL, NULL, NULL, NULL, NULL, NULL, NULL, NULL, NULL, NULL, NULL, NULL, NULL, NULL, NULL, NULL, NULL, NULL, NULL, NULL, NULL, NULL, NULL, NULL, NULL, NULL, NULL, NULL, NULL, NULL, NULL, NULL, NULL, NULL, NULL, NULL, NULL, NULL, NULL, NULL, NULL, NULL, NULL, NULL, NULL, NULL, NULL, NULL, NULL, NULL, NULL, NULL, NULL, NULL, NULL, NULL, NULL, NULL, NULL, NULL, NULL, NULL, NULL, NULL, NULL, NULL, NULL, NULL, NULL, NULL, NULL, NULL, NULL, NULL, NULL, NULL, NULL, NULL, NULL, NULL, NULL, NULL, NULL, 1, NULL, NULL, NULL, NULL),
(194, NULL, NULL, NULL, 4, NULL, NULL, NULL, NULL, NULL, NULL, NULL, NULL, NULL, NULL, NULL, NULL, NULL, NULL, NULL, NULL, NULL, 4, NULL, NULL, NULL, NULL, NULL, NULL, NULL, NULL, NULL, NULL, NULL, NULL, NULL, NULL, NULL, NULL, NULL, NULL, NULL, NULL, NULL, NULL, NULL, NULL, NULL, NULL, NULL, NULL, 3, NULL, 5, NULL, NULL, NULL, NULL, NULL, 2, NULL, NULL, NULL, 3, NULL, NULL, NULL, NULL, NULL, NULL, NULL, NULL, NULL, 3, NULL, NULL, NULL, NULL, 2, NULL, NULL, NULL, NULL, NULL, NULL, NULL, NULL, NULL, NULL, NULL, NULL, NULL, NULL, NULL, NULL, NULL, NULL),
(195, NULL, NULL, NULL, NULL, NULL, NULL, NULL, NULL, NULL, NULL, NULL, NULL, NULL, 4, NULL, NULL, NULL, NULL, NULL, NULL, NULL, NULL, NULL, NULL, NULL, NULL, NULL, NULL, NULL, NULL, NULL, NULL, NULL, NULL, NULL, NULL, NULL, NULL, NULL, NULL, NULL, NULL, NULL, NULL, NULL, NULL, NULL, NULL, NULL, NULL, NULL, NULL, NULL, NULL, NULL, NULL, NULL, NULL, NULL, NULL, NULL, NULL, NULL, NULL, NULL, NULL, NULL, NULL, NULL, NULL, NULL, NULL, NULL, NULL, NULL, NULL, NULL, NULL, NULL, NULL, NULL, NULL, NULL, NULL, NULL, NULL, NULL, NULL, NULL, NULL, NULL, NULL, NULL, NULL, NULL, 5),
(196, NULL, NULL, NULL, NULL, NULL, NULL, NULL, NULL, NULL, NULL, NULL, NULL, NULL, NULL, NULL, NULL, NULL, NULL, NULL, NULL, NULL, NULL, NULL, NULL, NULL, NULL, NULL, NULL, NULL, NULL, NULL, NULL, NULL, NULL, NULL, NULL, NULL, NULL, NULL, NULL, NULL, NULL, NULL, NULL, NULL, NULL, NULL, NULL, NULL, NULL, NULL, NULL, NULL, NULL, NULL, NULL, NULL, NULL, NULL, NULL, NULL, NULL, NULL, 5, NULL, NULL, NULL, NULL, NULL, NULL, NULL, NULL, NULL, NULL, NULL, NULL, NULL, NULL, NULL, NULL, NULL, NULL, NULL, NULL, NULL, NULL, NULL, NULL, NULL, NULL, NULL, NULL, NULL, NULL, NULL, NULL),
(197, NULL, NULL, NULL, NULL, NULL, NULL, NULL, NULL, NULL, NULL, NULL, NULL, NULL, NULL, NULL, NULL, NULL, NULL, NULL, NULL, NULL, NULL, NULL, NULL, NULL, NULL, NULL, NULL, NULL, NULL, NULL, NULL, NULL, NULL, NULL, NULL, NULL, NULL, NULL, NULL, NULL, NULL, NULL, NULL, NULL, NULL, NULL, NULL, NULL, NULL, NULL, 3, NULL, NULL, NULL, NULL, NULL, NULL, NULL, NULL, NULL, NULL, NULL, NULL, 2, NULL, NULL, NULL, NULL, NULL, NULL, NULL, NULL, NULL, NULL, NULL, NULL, NULL, NULL, NULL, NULL, NULL, NULL, NULL, NULL, NULL, NULL, NULL, NULL, NULL, NULL, 5, NULL, NULL, NULL, NULL),
(198, NULL, NULL, NULL, NULL, NULL, NULL, 4, NULL, NULL, NULL, NULL, NULL, NULL, NULL, NULL, NULL, NULL, NULL, NULL, NULL, NULL, NULL, 2, NULL, NULL, NULL, NULL, NULL, NULL, NULL, NULL, NULL, NULL, NULL, NULL, NULL, NULL, NULL, NULL, NULL, NULL, NULL, NULL, NULL, NULL, NULL, NULL, 3, NULL, NULL, NULL, NULL, NULL, NULL, 3, NULL, NULL, NULL, NULL, NULL, NULL, NULL, NULL, NULL, NULL, NULL, NULL, NULL, NULL, NULL, NULL, NULL, NULL, NULL, NULL, NULL, NULL, NULL, NULL, NULL, NULL, NULL, NULL, NULL, NULL, NULL, NULL, NULL, NULL, NULL, NULL, NULL, NULL, NULL, NULL, 1),
(200, NULL, NULL, NULL, NULL, NULL, NULL, NULL, NULL, NULL, NULL, 5, NULL, NULL, NULL, NULL, NULL, NULL, NULL, NULL, NULL, NULL, NULL, 2, NULL, NULL, NULL, NULL, NULL, NULL, NULL, NULL, NULL, NULL, NULL, NULL, NULL, NULL, NULL, NULL, NULL, NULL, NULL, NULL, NULL, NULL, NULL, NULL, NULL, NULL, NULL, NULL, NULL, NULL, NULL, NULL, NULL, NULL, NULL, NULL, NULL, NULL, NULL, NULL, NULL, NULL, NULL, NULL, NULL, 4, NULL, NULL, NULL, NULL, NULL, NULL, NULL, NULL, NULL, NULL, NULL, NULL, NULL, NULL, NULL, NULL, NULL, NULL, NULL, NULL, NULL, NULL, 5, NULL, NULL, NULL, NULL),
(201, NULL, 2, NULL, 4, NULL, NULL, NULL, NULL, NULL, NULL, NULL, NULL, NULL, NULL, NULL, NULL, NULL, NULL, NULL, NULL, NULL, 4, NULL, NULL, 4, NULL, NULL, NULL, NULL, NULL, 3, NULL, NULL, NULL, 2, NULL, NULL, NULL, NULL, NULL, NULL, NULL, NULL, NULL, NULL, NULL, NULL, 2, NULL, NULL, NULL, NULL, NULL, NULL, NULL, NULL, NULL, NULL, NULL, NULL, NULL, NULL, NULL, NULL, NULL, 2, NULL, NULL, NULL, NULL, NULL, NULL, NULL, NULL, 4, NULL, NULL, NULL, NULL, NULL, NULL, NULL, 3, NULL, NULL, NULL, NULL, NULL, NULL, NULL, NULL, NULL, NULL, 4, NULL, NULL),
(203, NULL, NULL, NULL, NULL, NULL, NULL, NULL, NULL, NULL, NULL, NULL, NULL, NULL, NULL, NULL, NULL, NULL, NULL, NULL, NULL, NULL, NULL, NULL, NULL, NULL, NULL, NULL, NULL, NULL, NULL, NULL, NULL, NULL, NULL, NULL, NULL, NULL, NULL, NULL, NULL, NULL, NULL, NULL, NULL, NULL, NULL, NULL, NULL, NULL, NULL, NULL, NULL, NULL, NULL, NULL, NULL, NULL, NULL, NULL, NULL, NULL, NULL, NULL, NULL, NULL, NULL, NULL, NULL, NULL, NULL, NULL, NULL, NULL, NULL, NULL, NULL, NULL, NULL, NULL, NULL, NULL, NULL, NULL, NULL, NULL, NULL, NULL, NULL, 4, NULL, NULL, NULL, NULL, NULL, NULL, NULL),
(207, NULL, NULL, NULL, 4, NULL, NULL, NULL, NULL, NULL, NULL, NULL, NULL, 3, 4, NULL, NULL, NULL, NULL, NULL, NULL, NULL, NULL, NULL, 4, NULL, NULL, NULL, NULL, NULL, NULL, NULL, NULL, NULL, NULL, NULL, NULL, NULL, NULL, NULL, NULL, NULL, NULL, NULL, NULL, NULL, NULL, NULL, NULL, NULL, NULL, NULL, NULL, NULL, NULL, 3, NULL, NULL, NULL, NULL, NULL, NULL, 3, NULL, NULL, 2, NULL, NULL, NULL, NULL, NULL, NULL, NULL, NULL, NULL, NULL, NULL, NULL, NULL, NULL, NULL, NULL, NULL, 4, NULL, NULL, NULL, NULL, NULL, NULL, NULL, NULL, NULL, NULL, 4, NULL, NULL),
(208, NULL, NULL, NULL, NULL, NULL, NULL, NULL, NULL, NULL, NULL, NULL, NULL, NULL, NULL, NULL, NULL, NULL, NULL, NULL, NULL, NULL, NULL, NULL, NULL, NULL, NULL, NULL, NULL, NULL, NULL, NULL, NULL, NULL, NULL, NULL, NULL, NULL, NULL, NULL, NULL, NULL, NULL, NULL, NULL, NULL, NULL, NULL, NULL, NULL, NULL, NULL, NULL, NULL, NULL, NULL, NULL, NULL, NULL, NULL, NULL, NULL, NULL, NULL, NULL, NULL, NULL, NULL, NULL, NULL, NULL, NULL, NULL, NULL, NULL, NULL, NULL, NULL, NULL, NULL, NULL, NULL, NULL, NULL, 5, NULL, NULL, NULL, NULL, NULL, NULL, NULL, NULL, NULL, NULL, NULL, NULL),
(210, NULL, NULL, NULL, NULL, NULL, NULL, NULL, NULL, NULL, NULL, NULL, NULL, NULL, NULL, NULL, NULL, NULL, NULL, NULL, NULL, NULL, NULL, NULL, NULL, NULL, NULL, NULL, NULL, NULL, NULL, NULL, NULL, NULL, NULL, NULL, NULL, NULL, 3, NULL, NULL, NULL, NULL, NULL, NULL, NULL, NULL, NULL, NULL, NULL, NULL, NULL, NULL, NULL, NULL, 4, NULL, NULL, NULL, NULL, NULL, NULL, NULL, NULL, NULL, NULL, NULL, 4, NULL, NULL, NULL, NULL, NULL, NULL, NULL, NULL, NULL, NULL, NULL, NULL, NULL, NULL, NULL, NULL, NULL, NULL, NULL, NULL, NULL, NULL, NULL, NULL, 4, 5, NULL, NULL, NULL),
(213, NULL, NULL, NULL, NULL, NULL, NULL, NULL, 3, NULL, NULL, NULL, 5, 4, NULL, NULL, NULL, NULL, NULL, NULL, NULL, NULL, NULL, NULL, 4, NULL, NULL, NULL, NULL, NULL, NULL, NULL, NULL, NULL, NULL, NULL, NULL, NULL, NULL, NULL, NULL, NULL, NULL, NULL, NULL, 5, NULL, 5, NULL, NULL, NULL, NULL, NULL, NULL, NULL, NULL, NULL, NULL, NULL, NULL, NULL, NULL, NULL, NULL, NULL, NULL, NULL, NULL, NULL, NULL, NULL, NULL, NULL, NULL, NULL, NULL, NULL, NULL, NULL, NULL, NULL, NULL, NULL, NULL, NULL, NULL, NULL, NULL, NULL, NULL, NULL, NULL, NULL, NULL, NULL, NULL, NULL),
(214, NULL, NULL, NULL, NULL, NULL, NULL, NULL, NULL, NULL, NULL, NULL, NULL, NULL, NULL, NULL, NULL, NULL, NULL, NULL, NULL, NULL, NULL, NULL, NULL, NULL, NULL, NULL, NULL, NULL, NULL, NULL, NULL, NULL, NULL, NULL, NULL, NULL, NULL, NULL, 5, NULL, NULL, NULL, NULL, NULL, NULL, NULL, NULL, NULL, NULL, NULL, NULL, NULL, NULL, NULL, NULL, NULL, NULL, NULL, NULL, NULL, NULL, NULL, NULL, NULL, NULL, NULL, NULL, NULL, NULL, NULL, NULL, NULL, NULL, 4, NULL, NULL, NULL, NULL, NULL, NULL, NULL, NULL, NULL, NULL, NULL, NULL, NULL, NULL, NULL, NULL, NULL, NULL, NULL, NULL, NULL),
(215, NULL, NULL, NULL, NULL, NULL, NULL, NULL, NULL, NULL, NULL, NULL, NULL, NULL, NULL, NULL, NULL, NULL, NULL, NULL, NULL, 3, NULL, NULL, NULL, NULL, NULL, NULL, NULL, NULL, NULL, NULL, NULL, NULL, NULL, NULL, NULL, NULL, NULL, NULL, NULL, NULL, NULL, NULL, NULL, NULL, NULL, NULL, NULL, NULL, NULL, NULL, NULL, NULL, NULL, NULL, NULL, NULL, NULL, NULL, NULL, NULL, NULL, NULL, NULL, NULL, NULL, NULL, NULL, NULL, NULL, NULL, NULL, NULL, NULL, NULL, NULL, NULL, 3, NULL, NULL, NULL, NULL, NULL, NULL, 4, NULL, NULL, NULL, NULL, NULL, NULL, NULL, NULL, NULL, NULL, NULL),
(216, NULL, NULL, NULL, NULL, NULL, NULL, NULL, NULL, NULL, NULL, NULL, 5, NULL, NULL, NULL, NULL, NULL, NULL, NULL, NULL, NULL, NULL, NULL, NULL, NULL, NULL, NULL, NULL, NULL, NULL, NULL, NULL, NULL, NULL, NULL, NULL, NULL, NULL, NULL, NULL, NULL, NULL, NULL, NULL, NULL, NULL, NULL, NULL, NULL, NULL, NULL, 5, NULL, NULL, NULL, NULL, NULL, NULL, NULL, NULL, NULL, NULL, NULL, NULL, NULL, 5, NULL, NULL, NULL, NULL, NULL, NULL, NULL, NULL, NULL, NULL, NULL, NULL, NULL, NULL, NULL, NULL, NULL, NULL, NULL, NULL, NULL, NULL, NULL, NULL, NULL, NULL, NULL, NULL, NULL, NULL),
(217, NULL, 3, NULL, NULL, NULL, NULL, 4, NULL, NULL, NULL, NULL, NULL, NULL, NULL, NULL, NULL, NULL, NULL, NULL, NULL, 5, NULL, NULL, NULL, NULL, 1, NULL, NULL, NULL, NULL, NULL, NULL, NULL, NULL, NULL, NULL, NULL, NULL, NULL, NULL, NULL, NULL, NULL, NULL, NULL, NULL, NULL, NULL, NULL, NULL, NULL, NULL, NULL, NULL, NULL, NULL, NULL, NULL, NULL, NULL, NULL, NULL, NULL, NULL, NULL, NULL, NULL, NULL, NULL, NULL, NULL, NULL, NULL, NULL, NULL, NULL, NULL, 5, NULL, NULL, NULL, NULL, NULL, NULL, NULL, NULL, NULL, NULL, NULL, NULL, NULL, NULL, NULL, NULL, NULL, NULL),
(219, NULL, NULL, NULL, NULL, NULL, NULL, NULL, NULL, NULL, NULL, NULL, NULL, NULL, NULL, NULL, NULL, NULL, NULL, NULL, NULL, NULL, NULL, NULL, NULL, NULL, NULL, NULL, NULL, NULL, NULL, NULL, NULL, NULL, NULL, NULL, NULL, NULL, NULL, NULL, NULL, NULL, NULL, NULL, NULL, NULL, NULL, NULL, NULL, NULL, NULL, NULL, NULL, NULL, NULL, NULL, NULL, NULL, NULL, NULL, NULL, NULL, NULL, NULL, NULL, NULL, NULL, NULL, NULL, NULL, NULL, NULL, NULL, NULL, NULL, NULL, NULL, NULL, 1, NULL, NULL, NULL, NULL, NULL, NULL, NULL, NULL, NULL, NULL, NULL, NULL, NULL, NULL, NULL, NULL, NULL, NULL),
(221, NULL, NULL, NULL, NULL, NULL, NULL, NULL, NULL, NULL, NULL, NULL, NULL, NULL, NULL, NULL, NULL, 4, NULL, NULL, NULL, NULL, NULL, NULL, NULL, NULL, NULL, NULL, NULL, NULL, NULL, NULL, NULL, NULL, NULL, NULL, NULL, NULL, NULL, NULL, NULL, NULL, NULL, NULL, NULL, 5, NULL, NULL, NULL, NULL, NULL, NULL, NULL, NULL, NULL, NULL, NULL, NULL, NULL, NULL, NULL, NULL, NULL, NULL, NULL, NULL, 4, NULL, NULL, NULL, NULL, NULL, NULL, NULL, NULL, NULL, NULL, NULL, NULL, NULL, NULL, NULL, NULL, NULL, NULL, NULL, NULL, NULL, NULL, NULL, NULL, NULL, NULL, NULL, NULL, NULL, 5),
(222, NULL, NULL, NULL, NULL, NULL, NULL, NULL, NULL, NULL, NULL, NULL, NULL, NULL, NULL, NULL, NULL, NULL, NULL, NULL, NULL, 5, NULL, NULL, 3, 3, NULL, NULL, 3, NULL, NULL, NULL, NULL, NULL, NULL, NULL, NULL, NULL, NULL, NULL, NULL, NULL, NULL, NULL, NULL, NULL, 3, NULL, NULL, NULL, 5, NULL, NULL, NULL, NULL, 3, NULL, NULL, NULL, NULL, NULL, NULL, NULL, NULL, NULL, NULL, 5, NULL, NULL, NULL, NULL, NULL, NULL, 4, NULL, NULL, NULL, NULL, NULL, NULL, NULL, NULL, NULL, 3, 4, NULL, NULL, NULL, NULL, NULL, NULL, NULL, NULL, 4, NULL, NULL, NULL),
(223, 4, NULL, NULL, NULL, NULL, NULL, NULL, 2, NULL, NULL, 3, NULL, NULL, NULL, NULL, NULL, NULL, NULL, NULL, NULL, NULL, NULL, NULL, NULL, NULL, NULL, NULL, NULL, NULL, NULL, NULL, NULL, NULL, NULL, NULL, NULL, NULL, NULL, NULL, NULL, NULL, NULL, NULL, NULL, NULL, NULL, NULL, NULL, NULL, NULL, NULL, NULL, NULL, NULL, NULL, NULL, NULL, NULL, NULL, NULL, NULL, NULL, NULL, NULL, NULL, NULL, NULL, NULL, NULL, NULL, NULL, NULL, NULL, NULL, NULL, NULL, NULL, NULL, NULL, NULL, NULL, NULL, NULL, NULL, NULL, NULL, NULL, NULL, NULL, NULL, NULL, NULL, NULL, NULL, NULL, NULL),
(224, NULL, NULL, NULL, NULL, NULL, NULL, NULL, NULL, NULL, NULL, NULL, NULL, NULL, NULL, NULL, NULL, NULL, NULL, 1, NULL, 5, NULL, NULL, NULL, 3, NULL, NULL, 3, NULL, NULL, NULL, NULL, NULL, NULL, NULL, NULL, NULL, NULL, NULL, NULL, 3, NULL, NULL, NULL, NULL, NULL, NULL, NULL, NULL, NULL, NULL, NULL, NULL, NULL, NULL, NULL, NULL, NULL, NULL, NULL, NULL, NULL, NULL, NULL, NULL, 4, NULL, NULL, NULL, NULL, NULL, NULL, 4, NULL, NULL, NULL, NULL, NULL, NULL, NULL, NULL, NULL, NULL, NULL, NULL, NULL, NULL, NULL, NULL, NULL, NULL, NULL, NULL, NULL, NULL, NULL),
(226, NULL, NULL, NULL, NULL, NULL, NULL, NULL, NULL, NULL, NULL, NULL, NULL, NULL, NULL, NULL, NULL, NULL, NULL, NULL, NULL, NULL, NULL, NULL, NULL, NULL, NULL, NULL, NULL, NULL, NULL, NULL, NULL, NULL, NULL, NULL, NULL, NULL, NULL, NULL, NULL, NULL, NULL, NULL, NULL, NULL, NULL, NULL, NULL, NULL, NULL, NULL, NULL, 4, NULL, NULL, NULL, NULL, NULL, NULL, NULL, NULL, NULL, NULL, NULL, NULL, NULL, NULL, NULL, NULL, NULL, NULL, NULL, NULL, NULL, NULL, NULL, NULL, NULL, NULL, NULL, NULL, NULL, NULL, NULL, NULL, NULL, NULL, NULL, NULL, NULL, NULL, NULL, NULL, NULL, NULL, NULL),
(230, NULL, NULL, NULL, NULL, NULL, NULL, NULL, NULL, NULL, NULL, NULL, NULL, NULL, NULL, NULL, NULL, NULL, NULL, NULL, NULL, NULL, NULL, NULL, NULL, NULL, NULL, NULL, NULL, NULL, NULL, NULL, NULL, NULL, NULL, NULL, NULL, NULL, NULL, NULL, NULL, NULL, NULL, NULL, NULL, NULL, NULL, 5, NULL, NULL, NULL, NULL, NULL, NULL, NULL, NULL, NULL, NULL, NULL, NULL, NULL, NULL, NULL, NULL, NULL, NULL, NULL, NULL, NULL, NULL, NULL, NULL, NULL, NULL, NULL, NULL, NULL, NULL, NULL, NULL, NULL, NULL, NULL, NULL, NULL, NULL, NULL, NULL, NULL, NULL, NULL, NULL, NULL, NULL, NULL, NULL, NULL),
(232, 4, NULL, NULL, NULL, NULL, NULL, NULL, 2, NULL, NULL, NULL, NULL, NULL, NULL, NULL, NULL, NULL, NULL, NULL, NULL, NULL, NULL, NULL, NULL, NULL, NULL, NULL, NULL, NULL, NULL, NULL, NULL, NULL, NULL, NULL, NULL, NULL, NULL, NULL, NULL, NULL, NULL, NULL, NULL, NULL, NULL, NULL, NULL, 5, NULL, NULL, NULL, NULL, NULL, NULL, NULL, NULL, NULL, NULL, NULL, NULL, NULL, NULL, NULL, NULL, NULL, NULL, NULL, NULL, NULL, NULL, NULL, NULL, NULL, NULL, NULL, NULL, NULL, NULL, NULL, NULL, NULL, NULL, NULL, NULL, NULL, 5, NULL, NULL, NULL, NULL, NULL, NULL, NULL, NULL, NULL),
(233, NULL, NULL, NULL, NULL, NULL, NULL, NULL, NULL, NULL, NULL, NULL, NULL, NULL, NULL, NULL, NULL, NULL, NULL, NULL, NULL, NULL, NULL, NULL, NULL, NULL, NULL, NULL, NULL, NULL, NULL, NULL, NULL, NULL, NULL, NULL, NULL, NULL, NULL, NULL, NULL, NULL, NULL, NULL, NULL, NULL, NULL, NULL, NULL, NULL, NULL, NULL, NULL, NULL, NULL, NULL, NULL, NULL, NULL, NULL, NULL, NULL, NULL, NULL, NULL, NULL, NULL, NULL, NULL, NULL, NULL, NULL, NULL, NULL, NULL, NULL, NULL, NULL, NULL, NULL, NULL, NULL, NULL, NULL, NULL, NULL, NULL, NULL, NULL, NULL, NULL, NULL, NULL, NULL, NULL, 3, NULL),
(234, NULL, NULL, NULL, NULL, NULL, NULL, NULL, NULL, NULL, 3, NULL, NULL, NULL, NULL, NULL, NULL, NULL, NULL, 4, NULL, NULL, NULL, NULL, NULL, NULL, NULL, NULL, NULL, NULL, NULL, NULL, NULL, NULL, NULL, NULL, NULL, NULL, NULL, NULL, NULL, NULL, NULL, NULL, NULL, NULL, NULL, 4, NULL, NULL, NULL, NULL, NULL, NULL, NULL, NULL, NULL, NULL, NULL, NULL, NULL, NULL, NULL, NULL, NULL, NULL, NULL, NULL, 3, 3, NULL, NULL, NULL, NULL, NULL, NULL, NULL, 3, NULL, NULL, NULL, NULL, NULL, NULL, NULL, NULL, NULL, NULL, NULL, NULL, NULL, NULL, NULL, NULL, 4, NULL, NULL),
(235, NULL, NULL, NULL, NULL, NULL, NULL, NULL, NULL, NULL, NULL, NULL, NULL, NULL, NULL, NULL, NULL, NULL, NULL, NULL, NULL, NULL, NULL, NULL, NULL, NULL, NULL, NULL, NULL, NULL, NULL, NULL, NULL, NULL, NULL, NULL, NULL, NULL, NULL, NULL, NULL, NULL, NULL, NULL, NULL, NULL, NULL, NULL, NULL, NULL, NULL, NULL, NULL, NULL, NULL, NULL, NULL, NULL, NULL, NULL, NULL, NULL, NULL, NULL, NULL, NULL, NULL, 5, NULL, NULL, NULL, NULL, NULL, NULL, NULL, NULL, NULL, NULL, NULL, NULL, NULL, 4, NULL, 4, NULL, NULL, NULL, NULL, NULL, NULL, NULL, NULL, NULL, NULL, NULL, NULL, 4),
(236, NULL, NULL, NULL, NULL, NULL, NULL, NULL, NULL, NULL, NULL, NULL, NULL, NULL, NULL, NULL, NULL, NULL, NULL, NULL, NULL, NULL, NULL, NULL, NULL, NULL, NULL, NULL, NULL, NULL, NULL, NULL, NULL, NULL, NULL, NULL, NULL, NULL, NULL, NULL, NULL, NULL, NULL, NULL, NULL, NULL, NULL, NULL, NULL, NULL, NULL, NULL, NULL, NULL, 5, NULL, NULL, NULL, NULL, NULL, NULL, NULL, NULL, NULL, NULL, NULL, NULL, NULL, 3, NULL, NULL, NULL, NULL, NULL, NULL, NULL, NULL, NULL, NULL, NULL, NULL, NULL, NULL, NULL, NULL, NULL, NULL, NULL, NULL, NULL, NULL, NULL, NULL, NULL, NULL, NULL, NULL),
(237, NULL, NULL, NULL, NULL, NULL, NULL, NULL, NULL, NULL, NULL, NULL, NULL, NULL, NULL, NULL, NULL, NULL, NULL, NULL, NULL, NULL, 4, NULL, NULL, NULL, NULL, NULL, NULL, NULL, NULL, NULL, NULL, NULL, NULL, NULL, NULL, NULL, NULL, NULL, NULL, NULL, NULL, NULL, NULL, NULL, NULL, NULL, NULL, NULL, NULL, NULL, NULL, NULL, NULL, NULL, NULL, NULL, NULL, NULL, NULL, NULL, NULL, NULL, NULL, NULL, NULL, NULL, NULL, NULL, NULL, NULL, NULL, NULL, NULL, NULL, NULL, NULL, NULL, NULL, NULL, NULL, NULL, NULL, NULL, NULL, NULL, NULL, NULL, NULL, NULL, NULL, NULL, NULL, NULL, NULL, 5),
(239, NULL, NULL, NULL, NULL, NULL, NULL, NULL, NULL, 5, 5, NULL, NULL, NULL, NULL, NULL, NULL, NULL, NULL, NULL, NULL, NULL, NULL, NULL, NULL, NULL, NULL, NULL, NULL, NULL, NULL, NULL, NULL, NULL, NULL, NULL, NULL, NULL, NULL, NULL, NULL, NULL, NULL, NULL, 2, NULL, NULL, NULL, NULL, NULL, NULL, NULL, NULL, 4, NULL, 5, NULL, NULL, NULL, NULL, NULL, NULL, NULL, NULL, NULL, NULL, NULL, NULL, NULL, NULL, NULL, NULL, NULL, NULL, NULL, NULL, NULL, 3, NULL, NULL, NULL, NULL, NULL, NULL, NULL, NULL, NULL, NULL, NULL, NULL, NULL, NULL, 5, NULL, 5, NULL, NULL),
(243, NULL, NULL, NULL, NULL, NULL, NULL, NULL, NULL, NULL, NULL, NULL, NULL, NULL, NULL, 3, NULL, NULL, NULL, NULL, NULL, NULL, NULL, NULL, NULL, NULL, NULL, NULL, NULL, NULL, NULL, NULL, NULL, NULL, NULL, NULL, NULL, NULL, NULL, NULL, NULL, NULL, NULL, NULL, NULL, NULL, NULL, NULL, NULL, NULL, NULL, NULL, NULL, NULL, NULL, NULL, NULL, NULL, NULL, NULL, NULL, NULL, NULL, NULL, NULL, NULL, NULL, NULL, NULL, NULL, NULL, NULL, NULL, NULL, NULL, NULL, NULL, NULL, NULL, NULL, NULL, NULL, NULL, NULL, NULL, NULL, NULL, NULL, NULL, NULL, NULL, NULL, NULL, NULL, NULL, NULL, NULL),
(244, NULL, NULL, NULL, NULL, NULL, NULL, 4, NULL, NULL, NULL, NULL, NULL, NULL, NULL, NULL, NULL, 2, NULL, NULL, NULL, NULL, NULL, NULL, NULL, NULL, NULL, NULL, NULL, NULL, 4, NULL, NULL, NULL, NULL, NULL, NULL, NULL, NULL, NULL, NULL, NULL, NULL, NULL, NULL, NULL, NULL, NULL, 2, NULL, 3, NULL, NULL, NULL, NULL, NULL, NULL, NULL, NULL, NULL, NULL, NULL, NULL, NULL, NULL, NULL, NULL, NULL, NULL, NULL, NULL, NULL, NULL, NULL, NULL, NULL, NULL, NULL, NULL, NULL, NULL, NULL, NULL, NULL, NULL, 5, NULL, NULL, NULL, NULL, NULL, 4, NULL, 2, NULL, NULL, 4),
(246, NULL, NULL, NULL, NULL, NULL, NULL, NULL, 3, NULL, NULL, NULL, NULL, NULL, NULL, NULL, NULL, NULL, NULL, NULL, NULL, NULL, NULL, NULL, NULL, NULL, NULL, NULL, NULL, NULL, NULL, NULL, NULL, NULL, NULL, NULL, NULL, NULL, NULL, NULL, NULL, NULL, NULL, NULL, NULL, NULL, NULL, NULL, NULL, NULL, NULL, NULL, NULL, NULL, NULL, NULL, NULL, NULL, NULL, NULL, NULL, NULL, NULL, NULL, NULL, 5, NULL, NULL, NULL, NULL, NULL, NULL, NULL, NULL, NULL, NULL, 2, NULL, 2, NULL, NULL, NULL, NULL, NULL, NULL, NULL, NULL, NULL, NULL, NULL, 2, NULL, NULL, NULL, 4, 3, NULL),
(249, NULL, NULL, NULL, NULL, NULL, NULL, NULL, NULL, NULL, NULL, 5, NULL, NULL, NULL, NULL, NULL, NULL, NULL, NULL, NULL, 5, 4, NULL, NULL, NULL, NULL, NULL, NULL, NULL, NULL, NULL, NULL, NULL, NULL, NULL, NULL, NULL, NULL, NULL, NULL, NULL, NULL, NULL, NULL, NULL, NULL, NULL, NULL, NULL, NULL, NULL, NULL, NULL, NULL, 5, NULL, NULL, NULL, NULL, NULL, NULL, NULL, NULL, NULL, NULL, NULL, NULL, NULL, NULL, NULL, NULL, NULL, NULL, NULL, 5, NULL, NULL, NULL, NULL, NULL, NULL, NULL, NULL, 4, NULL, NULL, NULL, NULL, NULL, NULL, NULL, NULL, NULL, NULL, NULL, NULL),
(250, NULL, 4, NULL, NULL, NULL, NULL, 4, NULL, NULL, NULL, NULL, NULL, NULL, NULL, NULL, NULL, NULL, NULL, NULL, NULL, NULL, NULL, NULL, NULL, NULL, NULL, NULL, NULL, NULL, NULL, NULL, NULL, NULL, NULL, NULL, NULL, NULL, NULL, NULL, NULL, NULL, NULL, NULL, NULL, NULL, NULL, NULL, NULL, NULL, NULL, NULL, NULL, NULL, NULL, NULL, NULL, NULL, NULL, NULL, NULL, NULL, NULL, NULL, NULL, NULL, NULL, NULL, NULL, NULL, NULL, NULL, NULL, NULL, NULL, NULL, NULL, NULL, NULL, NULL, NULL, NULL, NULL, NULL, NULL, NULL, NULL, NULL, NULL, NULL, NULL, NULL, NULL, NULL, NULL, NULL, NULL),
(251, NULL, NULL, NULL, NULL, NULL, NULL, NULL, NULL, NULL, NULL, NULL, NULL, NULL, NULL, NULL, NULL, NULL, NULL, NULL, NULL, NULL, NULL, NULL, NULL, NULL, NULL, NULL, NULL, NULL, NULL, NULL, NULL, NULL, NULL, NULL, NULL, NULL, NULL, NULL, NULL, NULL, NULL, NULL, NULL, NULL, NULL, NULL, NULL, NULL, NULL, NULL, 3, NULL, NULL, NULL, NULL, NULL, NULL, NULL, NULL, NULL, NULL, NULL, NULL, NULL, NULL, NULL, NULL, NULL, NULL, NULL, NULL, NULL, NULL, NULL, NULL, NULL, NULL, NULL, NULL, NULL, NULL, NULL, NULL, NULL, NULL, NULL, NULL, NULL, NULL, NULL, NULL, NULL, NULL, NULL, 4),
(252, NULL, NULL, NULL, NULL, NULL, NULL, NULL, NULL, 5, NULL, NULL, NULL, NULL, NULL, NULL, NULL, NULL, NULL, NULL, NULL, NULL, NULL, NULL, NULL, NULL, NULL, NULL, NULL, NULL, NULL, NULL, NULL, NULL, NULL, NULL, NULL, NULL, NULL, NULL, NULL, NULL, NULL, NULL, NULL, NULL, NULL, NULL, NULL, NULL, NULL, NULL, NULL, NULL, NULL, NULL, NULL, NULL, NULL, NULL, NULL, NULL, NULL, NULL, NULL, NULL, NULL, NULL, NULL, NULL, NULL, NULL, NULL, NULL, NULL, NULL, NULL, NULL, NULL, NULL, NULL, NULL, NULL, NULL, NULL, NULL, NULL, NULL, NULL, NULL, NULL, NULL, NULL, NULL, NULL, NULL, NULL),
(253, NULL, NULL, NULL, NULL, NULL, NULL, NULL, NULL, NULL, NULL, NULL, NULL, NULL, NULL, NULL, NULL, NULL, NULL, NULL, NULL, NULL, NULL, NULL, NULL, NULL, NULL, NULL, NULL, NULL, NULL, NULL, NULL, NULL, NULL, NULL, NULL, NULL, NULL, NULL, NULL, NULL, NULL, NULL, NULL, NULL, NULL, 4, NULL, NULL, NULL, NULL, NULL, NULL, NULL, NULL, NULL, NULL, NULL, NULL, NULL, NULL, NULL, NULL, NULL, NULL, NULL, NULL, NULL, NULL, NULL, NULL, NULL, NULL, NULL, NULL, NULL, NULL, NULL, NULL, NULL, NULL, NULL, NULL, NULL, NULL, NULL, NULL, NULL, NULL, NULL, NULL, NULL, 4, NULL, NULL, NULL),
(254, NULL, NULL, NULL, NULL, NULL, NULL, NULL, NULL, NULL, NULL, NULL, NULL, NULL, NULL, NULL, NULL, NULL, NULL, NULL, NULL, NULL, NULL, NULL, NULL, NULL, NULL, NULL, NULL, NULL, NULL, NULL, NULL, NULL, NULL, NULL, NULL, NULL, NULL, NULL, NULL, NULL, NULL, NULL, NULL, NULL, NULL, 5, NULL, NULL, NULL, NULL, NULL, NULL, NULL, NULL, NULL, NULL, NULL, NULL, NULL, NULL, NULL, NULL, NULL, NULL, NULL, NULL, NULL, NULL, NULL, NULL, NULL, NULL, NULL, NULL, NULL, NULL, NULL, NULL, NULL, NULL, NULL, NULL, NULL, NULL, NULL, NULL, NULL, NULL, NULL, NULL, NULL, NULL, NULL, NULL, NULL),
(256, NULL, NULL, NULL, NULL, NULL, NULL, NULL, NULL, NULL, NULL, NULL, NULL, NULL, NULL, NULL, NULL, NULL, NULL, NULL, NULL, NULL, NULL, NULL, 5, NULL, NULL, NULL, 4, NULL, NULL, NULL, NULL, NULL, NULL, NULL, NULL, NULL, NULL, NULL, NULL, NULL, NULL, NULL, NULL, NULL, NULL, NULL, NULL, NULL, NULL, NULL, NULL, NULL, NULL, NULL, NULL, NULL, NULL, NULL, NULL, NULL, NULL, NULL, NULL, NULL, NULL, NULL, NULL, NULL, NULL, NULL, NULL, NULL, NULL, NULL, NULL, NULL, NULL, NULL, NULL, NULL, 5, NULL, NULL, NULL, NULL, NULL, NULL, NULL, NULL, NULL, NULL, NULL, NULL, NULL, NULL),
(257, NULL, NULL, NULL, NULL, NULL, NULL, NULL, NULL, NULL, NULL, NULL, NULL, NULL, NULL, NULL, NULL, NULL, NULL, NULL, NULL, NULL, NULL, NULL, NULL, NULL, NULL, NULL, NULL, NULL, NULL, NULL, NULL, NULL, NULL, NULL, NULL, NULL, NULL, NULL, NULL, NULL, NULL, NULL, NULL, NULL, NULL, NULL, NULL, NULL, NULL, NULL, NULL, NULL, NULL, NULL, 5, NULL, NULL, NULL, NULL, NULL, NULL, NULL, NULL, NULL, NULL, NULL, NULL, NULL, NULL, NULL, NULL, NULL, NULL, NULL, NULL, NULL, NULL, NULL, NULL, NULL, NULL, NULL, NULL, NULL, NULL, NULL, NULL, NULL, NULL, NULL, NULL, NULL, NULL, NULL, NULL),
(262, NULL, NULL, NULL, NULL, NULL, NULL, NULL, NULL, NULL, NULL, 4, NULL, NULL, NULL, 3, NULL, NULL, NULL, NULL, NULL, NULL, NULL, NULL, NULL, NULL, NULL, 3, NULL, NULL, NULL, NULL, NULL, NULL, NULL, NULL, NULL, NULL, NULL, NULL, NULL, NULL, NULL, NULL, 2, NULL, NULL, 2, NULL, NULL, NULL, NULL, NULL, NULL, NULL, NULL, NULL, NULL, NULL, NULL, NULL, 5, NULL, NULL, NULL, NULL, NULL, NULL, 4, NULL, NULL, NULL, NULL, 2, NULL, NULL, NULL, NULL, NULL, NULL, NULL, NULL, NULL, NULL, NULL, NULL, NULL, 3, NULL, NULL, NULL, NULL, 4, NULL, NULL, NULL, NULL),
(263, NULL, NULL, NULL, NULL, NULL, NULL, NULL, NULL, NULL, NULL, NULL, NULL, NULL, NULL, NULL, NULL, NULL, NULL, NULL, NULL, NULL, NULL, NULL, NULL, NULL, NULL, NULL, NULL, NULL, NULL, NULL, NULL, NULL, NULL, NULL, NULL, NULL, NULL, NULL, NULL, NULL, NULL, NULL, NULL, NULL, NULL, NULL, NULL, NULL, NULL, NULL, NULL, NULL, NULL, NULL, NULL, NULL, NULL, NULL, NULL, NULL, NULL, NULL, NULL, NULL, NULL, NULL, NULL, NULL, NULL, NULL, NULL, NULL, NULL, NULL, NULL, NULL, NULL, NULL, NULL, NULL, 4, NULL, NULL, NULL, NULL, NULL, NULL, NULL, NULL, NULL, 4, 4, NULL, NULL, NULL),
(264, NULL, NULL, NULL, NULL, NULL, NULL, NULL, NULL, NULL, NULL, NULL, NULL, NULL, NULL, NULL, NULL, NULL, NULL, NULL, NULL, NULL, NULL, NULL, NULL, NULL, NULL, NULL, NULL, NULL, NULL, NULL, 3, NULL, NULL, NULL, NULL, NULL, NULL, NULL, NULL, NULL, NULL, NULL, NULL, NULL, NULL, NULL, NULL, NULL, NULL, NULL, NULL, NULL, NULL, NULL, NULL, NULL, NULL, NULL, NULL, NULL, NULL, NULL, NULL, NULL, NULL, 4, NULL, NULL, NULL, NULL, NULL, NULL, NULL, NULL, NULL, NULL, NULL, NULL, NULL, NULL, NULL, NULL, NULL, NULL, NULL, NULL, NULL, NULL, NULL, NULL, NULL, NULL, NULL, NULL, NULL),
(265, NULL, NULL, NULL, NULL, NULL, NULL, 2, NULL, NULL, NULL, NULL, NULL, NULL, NULL, NULL, NULL, NULL, NULL, NULL, NULL, NULL, NULL, NULL, NULL, NULL, NULL, NULL, NULL, NULL, NULL, NULL, NULL, NULL, NULL, NULL, NULL, NULL, NULL, NULL, NULL, NULL, NULL, NULL, NULL, NULL, NULL, NULL, NULL, NULL, NULL, NULL, NULL, NULL, NULL, NULL, NULL, NULL, NULL, NULL, NULL, NULL, NULL, NULL, NULL, NULL, NULL, NULL, NULL, NULL, NULL, NULL, NULL, NULL, NULL, NULL, NULL, NULL, NULL, NULL, NULL, NULL, NULL, NULL, NULL, NULL, NULL, NULL, NULL, NULL, NULL, NULL, NULL, NULL, NULL, NULL, NULL),
(267, NULL, NULL, NULL, NULL, NULL, NULL, NULL, NULL, NULL, NULL, NULL, NULL, NULL, NULL, NULL, NULL, 4, NULL, NULL, NULL, NULL, NULL, NULL, NULL, NULL, NULL, NULL, NULL, NULL, NULL, NULL, NULL, NULL, NULL, NULL, NULL, NULL, NULL, NULL, NULL, NULL, NULL, NULL, NULL, NULL, NULL, 5, NULL, NULL, NULL, NULL, 4, NULL, NULL, NULL, NULL, NULL, NULL, NULL, NULL, NULL, NULL, NULL, NULL, NULL, NULL, NULL, NULL, NULL, NULL, NULL, NULL, NULL, NULL, NULL, NULL, NULL, NULL, NULL, NULL, NULL, NULL, NULL, NULL, NULL, NULL, NULL, NULL, NULL, 3, NULL, NULL, NULL, NULL, NULL, NULL),
(268, 3, 2, NULL, NULL, NULL, NULL, NULL, NULL, NULL, NULL, NULL, NULL, NULL, NULL, NULL, NULL, NULL, NULL, NULL, 3, NULL, NULL, NULL, NULL, NULL, NULL, NULL, NULL, NULL, NULL, NULL, NULL, NULL, NULL, NULL, NULL, NULL, NULL, NULL, 4, NULL, NULL, NULL, NULL, NULL, NULL, NULL, NULL, 3, NULL, NULL, NULL, NULL, NULL, NULL, NULL, NULL, NULL, 3, 1, NULL, NULL, NULL, NULL, 4, NULL, NULL, NULL, NULL, NULL, NULL, NULL, NULL, NULL, NULL, NULL, NULL, NULL, 4, NULL, NULL, NULL, NULL, NULL, NULL, NULL, NULL, NULL, NULL, 2, NULL, NULL, NULL, NULL, 3, NULL),
(269, NULL, NULL, NULL, NULL, NULL, NULL, NULL, NULL, 4, NULL, NULL, NULL, 4, NULL, NULL, NULL, NULL, NULL, NULL, NULL, 1, NULL, NULL, NULL, NULL, NULL, NULL, NULL, NULL, NULL, NULL, NULL, NULL, NULL, NULL, NULL, NULL, NULL, NULL, NULL, NULL, NULL, NULL, 4, NULL, NULL, NULL, NULL, NULL, NULL, NULL, NULL, NULL, NULL, NULL, NULL, NULL, NULL, NULL, NULL, NULL, NULL, NULL, NULL, NULL, NULL, NULL, NULL, 2, NULL, NULL, 3, NULL, NULL, NULL, NULL, NULL, 2, NULL, NULL, NULL, NULL, NULL, NULL, NULL, NULL, NULL, NULL, NULL, NULL, NULL, NULL, NULL, NULL, NULL, NULL),
(270, NULL, NULL, NULL, NULL, NULL, NULL, NULL, NULL, NULL, NULL, NULL, NULL, NULL, NULL, NULL, NULL, NULL, NULL, NULL, NULL, NULL, NULL, NULL, 5, NULL, NULL, NULL, NULL, NULL, NULL, NULL, NULL, NULL, NULL, NULL, NULL, NULL, NULL, NULL, NULL, NULL, NULL, NULL, NULL, NULL, NULL, NULL, NULL, NULL, 4, NULL, NULL, NULL, NULL, NULL, NULL, NULL, NULL, NULL, NULL, NULL, NULL, NULL, NULL, NULL, NULL, 5, NULL, NULL, NULL, NULL, NULL, NULL, NULL, NULL, NULL, NULL, NULL, 4, NULL, NULL, NULL, NULL, NULL, NULL, NULL, NULL, NULL, NULL, NULL, NULL, NULL, 4, 5, NULL, NULL);
INSERT INTO `rating_matrix` (`id_user`, `Rui_1`, `Rui_2`, `Rui_3`, `Rui_4`, `Rui_5`, `Rui_6`, `Rui_7`, `Rui_8`, `Rui_9`, `Rui_10`, `Rui_11`, `Rui_12`, `Rui_13`, `Rui_14`, `Rui_15`, `Rui_16`, `Rui_17`, `Rui_19`, `Rui_20`, `Rui_21`, `Rui_22`, `Rui_23`, `Rui_24`, `Rui_25`, `Rui_26`, `Rui_27`, `Rui_28`, `Rui_29`, `Rui_30`, `Rui_31`, `Rui_32`, `Rui_33`, `Rui_34`, `Rui_36`, `Rui_37`, `Rui_38`, `Rui_39`, `Rui_40`, `Rui_41`, `Rui_42`, `Rui_43`, `Rui_44`, `Rui_45`, `Rui_47`, `Rui_48`, `Rui_49`, `Rui_50`, `Rui_51`, `Rui_52`, `Rui_53`, `Rui_54`, `Rui_55`, `Rui_56`, `Rui_57`, `Rui_58`, `Rui_59`, `Rui_60`, `Rui_61`, `Rui_62`, `Rui_63`, `Rui_64`, `Rui_65`, `Rui_66`, `Rui_67`, `Rui_68`, `Rui_69`, `Rui_70`, `Rui_71`, `Rui_72`, `Rui_73`, `Rui_74`, `Rui_76`, `Rui_77`, `Rui_78`, `Rui_79`, `Rui_80`, `Rui_81`, `Rui_82`, `Rui_83`, `Rui_84`, `Rui_85`, `Rui_86`, `Rui_87`, `Rui_88`, `Rui_89`, `Rui_90`, `Rui_91`, `Rui_92`, `Rui_93`, `Rui_94`, `Rui_95`, `Rui_96`, `Rui_97`, `Rui_98`, `Rui_99`, `Rui_100`) VALUES
(271, NULL, NULL, NULL, NULL, NULL, NULL, NULL, 4, NULL, NULL, 4, NULL, 4, NULL, NULL, NULL, NULL, NULL, NULL, NULL, 5, NULL, NULL, NULL, NULL, NULL, NULL, NULL, NULL, NULL, NULL, NULL, NULL, NULL, NULL, NULL, NULL, NULL, NULL, NULL, NULL, NULL, NULL, NULL, NULL, NULL, 5, NULL, NULL, NULL, NULL, NULL, 3, NULL, NULL, NULL, NULL, NULL, NULL, NULL, NULL, 3, NULL, NULL, NULL, NULL, NULL, NULL, NULL, NULL, NULL, NULL, NULL, NULL, NULL, NULL, NULL, NULL, NULL, NULL, NULL, NULL, NULL, NULL, NULL, NULL, NULL, NULL, NULL, NULL, NULL, NULL, NULL, NULL, NULL, NULL),
(272, NULL, NULL, NULL, NULL, NULL, NULL, NULL, 4, NULL, NULL, NULL, 5, NULL, NULL, NULL, NULL, NULL, NULL, NULL, NULL, NULL, NULL, NULL, NULL, NULL, NULL, NULL, NULL, NULL, NULL, NULL, NULL, NULL, NULL, NULL, NULL, NULL, NULL, NULL, NULL, NULL, NULL, NULL, NULL, 4, NULL, NULL, NULL, NULL, NULL, NULL, NULL, NULL, NULL, NULL, NULL, NULL, NULL, NULL, NULL, NULL, NULL, NULL, NULL, NULL, NULL, NULL, NULL, NULL, NULL, NULL, NULL, NULL, NULL, NULL, NULL, NULL, NULL, NULL, NULL, NULL, NULL, NULL, NULL, NULL, NULL, NULL, NULL, NULL, NULL, NULL, NULL, NULL, NULL, NULL, NULL),
(274, NULL, NULL, NULL, NULL, NULL, NULL, NULL, NULL, NULL, NULL, NULL, NULL, NULL, NULL, NULL, NULL, NULL, NULL, NULL, NULL, NULL, NULL, NULL, 5, NULL, NULL, NULL, NULL, NULL, NULL, NULL, NULL, NULL, NULL, NULL, NULL, NULL, NULL, NULL, NULL, NULL, NULL, NULL, NULL, NULL, NULL, 5, NULL, NULL, NULL, NULL, NULL, NULL, NULL, NULL, NULL, NULL, NULL, NULL, NULL, NULL, NULL, NULL, NULL, NULL, NULL, NULL, NULL, NULL, NULL, NULL, NULL, NULL, NULL, NULL, NULL, NULL, NULL, NULL, NULL, NULL, NULL, NULL, NULL, NULL, NULL, NULL, NULL, NULL, NULL, NULL, NULL, NULL, NULL, NULL, NULL),
(275, NULL, NULL, NULL, NULL, NULL, NULL, NULL, NULL, NULL, NULL, NULL, NULL, NULL, NULL, NULL, NULL, NULL, NULL, NULL, NULL, NULL, NULL, NULL, NULL, NULL, NULL, NULL, NULL, NULL, NULL, NULL, NULL, NULL, NULL, NULL, NULL, NULL, NULL, NULL, NULL, NULL, NULL, NULL, NULL, NULL, NULL, NULL, NULL, NULL, NULL, NULL, NULL, NULL, NULL, NULL, NULL, NULL, NULL, NULL, NULL, NULL, NULL, NULL, NULL, NULL, 3, NULL, NULL, NULL, NULL, NULL, NULL, NULL, NULL, NULL, NULL, NULL, NULL, NULL, NULL, NULL, NULL, NULL, NULL, NULL, NULL, NULL, NULL, NULL, NULL, NULL, NULL, NULL, 4, NULL, NULL),
(276, NULL, 4, NULL, NULL, NULL, NULL, NULL, NULL, NULL, NULL, 5, NULL, NULL, NULL, NULL, NULL, NULL, NULL, NULL, NULL, NULL, NULL, NULL, NULL, NULL, NULL, NULL, NULL, NULL, NULL, NULL, NULL, 2, NULL, NULL, 3, NULL, 3, NULL, NULL, 1, NULL, NULL, NULL, NULL, NULL, NULL, NULL, NULL, NULL, 3, NULL, 5, 3, 4, NULL, NULL, NULL, NULL, NULL, 5, NULL, 3, NULL, NULL, NULL, 4, NULL, NULL, NULL, NULL, 4, NULL, 4, NULL, NULL, NULL, NULL, NULL, NULL, 3, NULL, NULL, NULL, NULL, NULL, NULL, NULL, NULL, NULL, NULL, NULL, NULL, NULL, NULL, NULL),
(277, NULL, NULL, NULL, NULL, NULL, NULL, NULL, NULL, NULL, NULL, NULL, NULL, NULL, NULL, NULL, NULL, NULL, NULL, NULL, NULL, NULL, NULL, 4, NULL, NULL, NULL, NULL, NULL, NULL, NULL, NULL, NULL, NULL, NULL, NULL, NULL, NULL, NULL, NULL, NULL, NULL, NULL, NULL, NULL, NULL, NULL, NULL, NULL, NULL, NULL, NULL, NULL, NULL, NULL, NULL, NULL, NULL, NULL, NULL, NULL, NULL, NULL, NULL, NULL, NULL, NULL, NULL, NULL, NULL, NULL, NULL, NULL, NULL, NULL, NULL, NULL, NULL, NULL, NULL, NULL, NULL, NULL, NULL, NULL, NULL, NULL, NULL, NULL, NULL, NULL, NULL, NULL, NULL, NULL, NULL, NULL),
(279, NULL, NULL, NULL, NULL, NULL, NULL, NULL, NULL, NULL, NULL, NULL, NULL, NULL, NULL, NULL, NULL, NULL, NULL, NULL, NULL, NULL, NULL, NULL, NULL, NULL, NULL, NULL, NULL, NULL, NULL, NULL, NULL, NULL, NULL, NULL, NULL, NULL, NULL, NULL, 4, NULL, NULL, NULL, NULL, NULL, NULL, NULL, NULL, NULL, NULL, NULL, NULL, NULL, NULL, NULL, NULL, NULL, NULL, NULL, NULL, NULL, 1, NULL, 4, 4, NULL, NULL, NULL, NULL, NULL, NULL, NULL, NULL, NULL, 3, NULL, NULL, NULL, NULL, NULL, NULL, NULL, NULL, 1, 4, NULL, NULL, NULL, NULL, NULL, NULL, 4, NULL, NULL, NULL, NULL),
(280, 4, NULL, NULL, NULL, NULL, NULL, NULL, NULL, NULL, NULL, NULL, NULL, NULL, NULL, NULL, NULL, NULL, NULL, NULL, NULL, NULL, NULL, NULL, NULL, NULL, NULL, NULL, NULL, NULL, NULL, NULL, NULL, NULL, NULL, NULL, 3, NULL, NULL, NULL, NULL, NULL, NULL, NULL, NULL, NULL, NULL, NULL, NULL, NULL, NULL, NULL, NULL, NULL, NULL, NULL, NULL, NULL, NULL, NULL, NULL, NULL, NULL, NULL, NULL, NULL, NULL, NULL, NULL, NULL, NULL, NULL, NULL, NULL, NULL, NULL, NULL, NULL, NULL, NULL, NULL, NULL, 4, NULL, NULL, NULL, NULL, NULL, NULL, NULL, NULL, NULL, 4, NULL, NULL, 2, 3),
(283, NULL, NULL, NULL, NULL, NULL, NULL, NULL, NULL, NULL, NULL, NULL, NULL, NULL, NULL, NULL, NULL, NULL, NULL, NULL, NULL, NULL, NULL, NULL, NULL, NULL, NULL, NULL, NULL, NULL, NULL, NULL, NULL, NULL, NULL, NULL, NULL, NULL, NULL, NULL, NULL, NULL, NULL, NULL, NULL, NULL, NULL, NULL, NULL, NULL, NULL, NULL, NULL, NULL, NULL, NULL, NULL, NULL, NULL, NULL, NULL, NULL, NULL, NULL, NULL, NULL, NULL, NULL, NULL, NULL, NULL, NULL, NULL, NULL, NULL, NULL, NULL, NULL, NULL, 4, NULL, NULL, NULL, NULL, NULL, NULL, NULL, NULL, NULL, NULL, NULL, NULL, NULL, NULL, NULL, NULL, NULL),
(286, NULL, NULL, NULL, NULL, NULL, NULL, 4, NULL, NULL, NULL, NULL, NULL, 2, NULL, NULL, NULL, NULL, NULL, NULL, NULL, NULL, NULL, NULL, NULL, NULL, NULL, NULL, NULL, NULL, NULL, NULL, NULL, 5, NULL, NULL, NULL, NULL, NULL, NULL, NULL, NULL, 3, NULL, NULL, NULL, NULL, NULL, NULL, NULL, NULL, NULL, NULL, NULL, NULL, NULL, NULL, NULL, NULL, NULL, NULL, NULL, NULL, NULL, NULL, NULL, NULL, NULL, NULL, NULL, 5, NULL, NULL, NULL, NULL, NULL, NULL, NULL, NULL, 5, NULL, 5, NULL, NULL, NULL, NULL, NULL, NULL, NULL, NULL, NULL, NULL, NULL, NULL, NULL, 4, 3),
(287, 5, NULL, NULL, NULL, NULL, NULL, NULL, NULL, NULL, NULL, 5, NULL, NULL, NULL, NULL, NULL, NULL, NULL, NULL, NULL, NULL, NULL, NULL, NULL, NULL, NULL, NULL, NULL, NULL, NULL, NULL, NULL, NULL, NULL, NULL, NULL, NULL, NULL, NULL, NULL, NULL, NULL, NULL, NULL, NULL, NULL, NULL, NULL, NULL, NULL, NULL, NULL, 5, NULL, NULL, NULL, NULL, NULL, NULL, NULL, NULL, NULL, NULL, NULL, NULL, NULL, NULL, NULL, NULL, NULL, NULL, NULL, NULL, NULL, NULL, NULL, NULL, NULL, NULL, NULL, NULL, NULL, NULL, NULL, NULL, NULL, NULL, 4, NULL, NULL, NULL, NULL, NULL, NULL, NULL, NULL),
(288, NULL, NULL, NULL, NULL, NULL, NULL, NULL, NULL, NULL, NULL, NULL, NULL, NULL, NULL, NULL, NULL, NULL, NULL, NULL, NULL, NULL, NULL, NULL, NULL, NULL, NULL, NULL, NULL, NULL, NULL, NULL, NULL, NULL, NULL, NULL, NULL, NULL, NULL, NULL, NULL, NULL, NULL, NULL, NULL, NULL, NULL, NULL, NULL, NULL, NULL, NULL, NULL, NULL, NULL, NULL, NULL, NULL, NULL, NULL, NULL, NULL, NULL, NULL, NULL, NULL, NULL, NULL, NULL, NULL, NULL, NULL, NULL, NULL, NULL, NULL, NULL, NULL, NULL, NULL, NULL, NULL, NULL, NULL, NULL, NULL, NULL, NULL, NULL, NULL, NULL, NULL, NULL, 4, NULL, NULL, NULL),
(289, 3, NULL, NULL, NULL, NULL, NULL, 4, NULL, NULL, NULL, NULL, NULL, NULL, NULL, NULL, NULL, NULL, NULL, NULL, NULL, NULL, NULL, NULL, NULL, NULL, NULL, NULL, NULL, NULL, NULL, NULL, NULL, NULL, NULL, NULL, NULL, NULL, NULL, NULL, NULL, NULL, NULL, NULL, NULL, NULL, NULL, NULL, NULL, NULL, NULL, NULL, NULL, NULL, NULL, NULL, NULL, NULL, NULL, NULL, NULL, NULL, NULL, NULL, NULL, NULL, NULL, NULL, NULL, NULL, NULL, NULL, NULL, NULL, NULL, NULL, NULL, NULL, NULL, NULL, NULL, NULL, NULL, NULL, NULL, NULL, NULL, NULL, NULL, NULL, NULL, NULL, NULL, NULL, NULL, NULL, NULL),
(290, NULL, NULL, NULL, NULL, NULL, NULL, NULL, NULL, NULL, NULL, NULL, NULL, NULL, NULL, NULL, NULL, NULL, NULL, NULL, 3, NULL, NULL, NULL, NULL, NULL, NULL, NULL, NULL, NULL, NULL, NULL, NULL, NULL, NULL, NULL, NULL, NULL, NULL, NULL, NULL, NULL, NULL, NULL, NULL, NULL, NULL, 5, NULL, NULL, NULL, NULL, NULL, NULL, NULL, NULL, NULL, NULL, NULL, NULL, NULL, NULL, NULL, NULL, NULL, NULL, NULL, NULL, 5, NULL, NULL, NULL, NULL, NULL, NULL, NULL, NULL, NULL, 4, NULL, NULL, NULL, NULL, NULL, 4, NULL, NULL, NULL, NULL, NULL, NULL, NULL, NULL, NULL, NULL, NULL, NULL),
(291, NULL, NULL, NULL, NULL, NULL, NULL, 5, NULL, NULL, NULL, NULL, NULL, NULL, NULL, 5, NULL, 4, NULL, NULL, NULL, NULL, NULL, NULL, NULL, NULL, NULL, NULL, NULL, NULL, NULL, NULL, NULL, NULL, NULL, NULL, NULL, NULL, NULL, NULL, NULL, NULL, NULL, NULL, NULL, NULL, NULL, NULL, NULL, NULL, 5, 4, NULL, NULL, NULL, NULL, NULL, NULL, NULL, NULL, NULL, NULL, NULL, NULL, NULL, NULL, NULL, 4, NULL, NULL, NULL, NULL, NULL, 4, NULL, NULL, 4, NULL, NULL, NULL, NULL, NULL, NULL, NULL, NULL, NULL, NULL, NULL, NULL, NULL, NULL, NULL, NULL, NULL, NULL, 4, NULL),
(292, NULL, NULL, NULL, NULL, NULL, NULL, NULL, NULL, 4, 5, 5, NULL, NULL, NULL, NULL, NULL, NULL, NULL, NULL, NULL, NULL, NULL, NULL, NULL, NULL, NULL, NULL, NULL, NULL, NULL, NULL, NULL, NULL, NULL, NULL, NULL, NULL, NULL, NULL, NULL, NULL, NULL, NULL, NULL, NULL, NULL, NULL, NULL, NULL, NULL, NULL, NULL, NULL, NULL, NULL, NULL, NULL, NULL, NULL, NULL, NULL, NULL, NULL, NULL, NULL, NULL, NULL, NULL, NULL, NULL, NULL, NULL, NULL, NULL, NULL, NULL, NULL, NULL, NULL, NULL, NULL, 4, NULL, NULL, NULL, NULL, NULL, NULL, NULL, NULL, NULL, NULL, NULL, NULL, NULL, 5),
(293, NULL, NULL, NULL, NULL, 3, NULL, NULL, NULL, NULL, NULL, NULL, NULL, NULL, NULL, NULL, NULL, NULL, NULL, NULL, NULL, NULL, NULL, NULL, NULL, NULL, NULL, NULL, NULL, NULL, NULL, NULL, NULL, NULL, 1, NULL, NULL, 3, NULL, NULL, NULL, NULL, NULL, NULL, NULL, NULL, NULL, NULL, NULL, NULL, NULL, NULL, NULL, NULL, NULL, NULL, NULL, NULL, NULL, NULL, NULL, NULL, NULL, NULL, NULL, NULL, NULL, NULL, NULL, NULL, NULL, NULL, NULL, NULL, NULL, 3, NULL, NULL, NULL, NULL, NULL, NULL, NULL, 4, NULL, NULL, NULL, NULL, NULL, NULL, NULL, NULL, NULL, NULL, NULL, NULL, NULL),
(294, NULL, NULL, NULL, NULL, NULL, NULL, NULL, NULL, NULL, 3, NULL, NULL, NULL, NULL, NULL, NULL, NULL, NULL, NULL, NULL, NULL, NULL, NULL, NULL, NULL, NULL, NULL, NULL, NULL, NULL, NULL, NULL, NULL, NULL, NULL, NULL, NULL, NULL, NULL, NULL, NULL, NULL, NULL, NULL, NULL, NULL, NULL, NULL, NULL, NULL, NULL, NULL, NULL, NULL, NULL, NULL, NULL, NULL, NULL, NULL, NULL, NULL, NULL, NULL, NULL, NULL, NULL, NULL, NULL, NULL, NULL, NULL, NULL, NULL, NULL, NULL, NULL, NULL, NULL, NULL, NULL, NULL, NULL, NULL, NULL, NULL, NULL, NULL, NULL, NULL, NULL, NULL, NULL, NULL, NULL, NULL),
(295, NULL, NULL, NULL, 4, NULL, NULL, NULL, NULL, NULL, NULL, NULL, NULL, NULL, NULL, NULL, NULL, NULL, NULL, NULL, NULL, NULL, NULL, NULL, NULL, NULL, NULL, NULL, NULL, NULL, NULL, NULL, NULL, NULL, NULL, NULL, NULL, 4, NULL, NULL, NULL, NULL, NULL, NULL, 5, NULL, NULL, NULL, NULL, NULL, NULL, NULL, NULL, NULL, NULL, NULL, NULL, NULL, NULL, NULL, NULL, NULL, NULL, NULL, 4, NULL, NULL, NULL, NULL, 4, 4, NULL, NULL, NULL, NULL, NULL, NULL, NULL, NULL, NULL, NULL, NULL, NULL, NULL, NULL, NULL, NULL, NULL, NULL, NULL, NULL, NULL, NULL, NULL, NULL, NULL, NULL),
(296, NULL, NULL, NULL, NULL, NULL, NULL, NULL, NULL, NULL, NULL, NULL, NULL, NULL, NULL, NULL, NULL, NULL, NULL, 5, NULL, NULL, NULL, NULL, NULL, NULL, NULL, NULL, NULL, NULL, NULL, 4, NULL, NULL, NULL, NULL, NULL, NULL, NULL, NULL, NULL, NULL, NULL, NULL, NULL, 5, NULL, NULL, NULL, NULL, NULL, NULL, NULL, NULL, NULL, NULL, NULL, NULL, NULL, NULL, NULL, NULL, NULL, NULL, NULL, NULL, NULL, NULL, NULL, NULL, NULL, NULL, NULL, NULL, NULL, NULL, NULL, NULL, NULL, 5, NULL, NULL, NULL, NULL, NULL, NULL, NULL, NULL, NULL, NULL, NULL, NULL, NULL, NULL, NULL, NULL, NULL),
(297, NULL, NULL, NULL, NULL, NULL, NULL, NULL, NULL, NULL, NULL, NULL, 5, NULL, NULL, NULL, NULL, NULL, NULL, 4, NULL, 4, NULL, NULL, 4, NULL, NULL, NULL, NULL, NULL, 3, NULL, NULL, NULL, NULL, NULL, NULL, NULL, NULL, NULL, NULL, NULL, NULL, NULL, NULL, NULL, NULL, NULL, NULL, NULL, NULL, NULL, NULL, NULL, 5, NULL, NULL, NULL, NULL, NULL, NULL, NULL, NULL, NULL, NULL, NULL, NULL, NULL, NULL, NULL, 2, NULL, NULL, NULL, NULL, NULL, NULL, NULL, NULL, NULL, NULL, NULL, 5, NULL, NULL, 4, NULL, NULL, NULL, NULL, NULL, NULL, NULL, NULL, NULL, NULL, NULL),
(298, NULL, NULL, NULL, NULL, NULL, NULL, NULL, 5, NULL, NULL, NULL, NULL, NULL, NULL, NULL, NULL, NULL, NULL, NULL, NULL, NULL, NULL, NULL, NULL, NULL, NULL, NULL, NULL, NULL, NULL, NULL, NULL, NULL, NULL, NULL, NULL, NULL, NULL, NULL, NULL, NULL, NULL, NULL, NULL, NULL, NULL, NULL, NULL, NULL, NULL, NULL, NULL, NULL, NULL, NULL, NULL, NULL, NULL, NULL, NULL, NULL, NULL, NULL, NULL, NULL, NULL, NULL, NULL, NULL, NULL, NULL, NULL, NULL, NULL, NULL, NULL, NULL, NULL, NULL, NULL, NULL, NULL, NULL, NULL, NULL, NULL, 2, NULL, NULL, NULL, NULL, NULL, NULL, 4, NULL, NULL),
(299, NULL, NULL, NULL, NULL, NULL, NULL, NULL, NULL, NULL, NULL, NULL, NULL, NULL, 4, NULL, NULL, NULL, NULL, NULL, NULL, NULL, NULL, 3, NULL, NULL, NULL, NULL, NULL, NULL, NULL, NULL, NULL, NULL, NULL, NULL, NULL, NULL, NULL, NULL, NULL, NULL, NULL, NULL, NULL, NULL, NULL, NULL, NULL, NULL, NULL, NULL, NULL, NULL, NULL, NULL, NULL, NULL, NULL, NULL, NULL, NULL, NULL, NULL, NULL, NULL, NULL, NULL, NULL, NULL, NULL, NULL, NULL, NULL, NULL, NULL, NULL, NULL, NULL, NULL, NULL, NULL, NULL, NULL, NULL, NULL, NULL, NULL, NULL, NULL, NULL, NULL, NULL, NULL, NULL, NULL, NULL),
(301, NULL, NULL, NULL, NULL, NULL, NULL, NULL, NULL, NULL, NULL, 4, NULL, NULL, NULL, NULL, NULL, NULL, NULL, NULL, NULL, NULL, NULL, NULL, 3, NULL, NULL, NULL, NULL, NULL, NULL, NULL, 4, NULL, NULL, NULL, NULL, NULL, NULL, NULL, NULL, NULL, NULL, NULL, NULL, NULL, NULL, NULL, NULL, NULL, 1, NULL, NULL, 4, NULL, 4, NULL, NULL, NULL, NULL, NULL, NULL, NULL, NULL, NULL, NULL, NULL, NULL, NULL, NULL, NULL, NULL, NULL, NULL, NULL, 5, NULL, NULL, NULL, NULL, NULL, NULL, NULL, NULL, NULL, NULL, NULL, NULL, NULL, NULL, NULL, 5, NULL, NULL, 4, NULL, NULL),
(303, NULL, NULL, NULL, NULL, NULL, NULL, NULL, NULL, NULL, NULL, NULL, NULL, NULL, NULL, NULL, NULL, NULL, NULL, NULL, NULL, NULL, NULL, NULL, NULL, NULL, NULL, NULL, NULL, NULL, NULL, NULL, NULL, NULL, NULL, NULL, NULL, NULL, NULL, NULL, NULL, NULL, NULL, NULL, NULL, NULL, NULL, NULL, NULL, NULL, NULL, NULL, NULL, NULL, NULL, NULL, NULL, NULL, NULL, NULL, NULL, NULL, 4, NULL, NULL, 4, 5, NULL, NULL, NULL, NULL, NULL, NULL, NULL, NULL, NULL, NULL, NULL, NULL, NULL, NULL, NULL, NULL, 3, NULL, NULL, NULL, NULL, NULL, NULL, 3, NULL, NULL, NULL, NULL, 4, NULL),
(305, NULL, NULL, NULL, NULL, NULL, NULL, NULL, NULL, NULL, NULL, 1, NULL, NULL, 4, 1, NULL, NULL, NULL, NULL, NULL, NULL, NULL, NULL, NULL, NULL, NULL, NULL, NULL, NULL, NULL, NULL, NULL, NULL, NULL, NULL, NULL, NULL, NULL, NULL, NULL, NULL, NULL, NULL, NULL, NULL, NULL, 5, NULL, NULL, NULL, NULL, NULL, 1, NULL, NULL, NULL, NULL, 4, NULL, NULL, NULL, NULL, NULL, NULL, NULL, NULL, NULL, 3, NULL, NULL, NULL, 1, NULL, NULL, 3, NULL, NULL, NULL, NULL, NULL, NULL, NULL, 1, NULL, NULL, NULL, NULL, NULL, NULL, NULL, NULL, NULL, NULL, NULL, NULL, NULL),
(306, NULL, NULL, NULL, NULL, NULL, NULL, NULL, NULL, NULL, NULL, NULL, NULL, NULL, 5, NULL, NULL, NULL, NULL, NULL, NULL, NULL, NULL, NULL, NULL, NULL, NULL, NULL, NULL, NULL, NULL, NULL, NULL, NULL, NULL, NULL, NULL, NULL, NULL, NULL, NULL, NULL, NULL, NULL, NULL, NULL, NULL, NULL, NULL, NULL, NULL, NULL, NULL, NULL, NULL, NULL, NULL, NULL, NULL, NULL, NULL, NULL, NULL, NULL, NULL, NULL, NULL, NULL, NULL, NULL, NULL, NULL, NULL, NULL, NULL, NULL, NULL, NULL, NULL, NULL, NULL, NULL, NULL, NULL, NULL, NULL, NULL, NULL, NULL, NULL, NULL, NULL, NULL, NULL, NULL, NULL, NULL),
(307, NULL, NULL, NULL, NULL, NULL, NULL, NULL, NULL, NULL, NULL, NULL, NULL, NULL, NULL, NULL, NULL, NULL, NULL, NULL, 4, 3, NULL, NULL, NULL, NULL, NULL, NULL, NULL, NULL, NULL, NULL, NULL, NULL, NULL, NULL, NULL, NULL, NULL, NULL, NULL, NULL, NULL, NULL, NULL, NULL, NULL, NULL, NULL, NULL, NULL, NULL, NULL, NULL, NULL, NULL, NULL, NULL, NULL, NULL, NULL, NULL, NULL, NULL, NULL, NULL, NULL, NULL, 5, NULL, NULL, NULL, NULL, NULL, NULL, NULL, NULL, NULL, NULL, NULL, NULL, NULL, NULL, NULL, NULL, 5, NULL, NULL, NULL, NULL, 3, NULL, NULL, NULL, NULL, NULL, 3),
(308, 4, NULL, NULL, 5, NULL, NULL, NULL, NULL, NULL, NULL, NULL, NULL, NULL, NULL, NULL, NULL, NULL, NULL, NULL, NULL, NULL, NULL, NULL, NULL, NULL, NULL, NULL, NULL, NULL, NULL, NULL, NULL, NULL, NULL, NULL, NULL, NULL, NULL, NULL, NULL, NULL, NULL, NULL, NULL, NULL, NULL, NULL, NULL, NULL, NULL, 2, 3, NULL, NULL, NULL, 4, 3, NULL, NULL, NULL, NULL, NULL, NULL, NULL, NULL, NULL, NULL, NULL, NULL, NULL, NULL, NULL, NULL, NULL, NULL, NULL, 5, NULL, NULL, NULL, 4, NULL, NULL, NULL, NULL, NULL, NULL, NULL, NULL, NULL, 4, NULL, NULL, NULL, NULL, NULL),
(310, NULL, NULL, NULL, NULL, NULL, NULL, NULL, NULL, NULL, NULL, NULL, NULL, NULL, NULL, NULL, NULL, NULL, NULL, NULL, NULL, NULL, NULL, 4, NULL, NULL, NULL, NULL, NULL, NULL, NULL, NULL, NULL, NULL, NULL, NULL, NULL, NULL, NULL, NULL, NULL, NULL, NULL, NULL, NULL, NULL, NULL, NULL, NULL, NULL, NULL, NULL, NULL, NULL, NULL, NULL, NULL, NULL, NULL, NULL, NULL, NULL, NULL, NULL, NULL, NULL, NULL, NULL, NULL, NULL, NULL, NULL, NULL, NULL, NULL, NULL, NULL, NULL, NULL, NULL, NULL, NULL, NULL, NULL, NULL, NULL, NULL, NULL, NULL, NULL, NULL, NULL, NULL, NULL, NULL, NULL, NULL),
(311, NULL, NULL, NULL, NULL, 3, NULL, NULL, NULL, 4, NULL, NULL, NULL, NULL, NULL, NULL, NULL, NULL, NULL, NULL, NULL, 4, NULL, NULL, NULL, NULL, NULL, 5, NULL, NULL, NULL, NULL, NULL, NULL, NULL, NULL, NULL, NULL, NULL, NULL, NULL, NULL, NULL, NULL, NULL, NULL, NULL, NULL, NULL, NULL, NULL, NULL, NULL, NULL, NULL, NULL, NULL, NULL, NULL, NULL, NULL, NULL, NULL, NULL, NULL, 1, NULL, 4, NULL, NULL, 4, NULL, NULL, NULL, NULL, NULL, NULL, NULL, NULL, 5, NULL, NULL, NULL, NULL, NULL, NULL, NULL, NULL, NULL, NULL, 3, NULL, NULL, NULL, 5, 5, NULL),
(312, NULL, NULL, NULL, NULL, NULL, NULL, NULL, NULL, NULL, NULL, NULL, NULL, NULL, NULL, NULL, NULL, NULL, NULL, NULL, NULL, NULL, NULL, NULL, NULL, NULL, NULL, 4, NULL, NULL, NULL, NULL, NULL, NULL, NULL, NULL, NULL, NULL, NULL, NULL, NULL, NULL, NULL, NULL, NULL, NULL, NULL, NULL, NULL, NULL, NULL, NULL, NULL, NULL, NULL, NULL, NULL, NULL, NULL, NULL, NULL, NULL, NULL, NULL, NULL, NULL, NULL, NULL, NULL, NULL, NULL, NULL, NULL, NULL, NULL, NULL, NULL, NULL, NULL, NULL, NULL, NULL, NULL, NULL, NULL, NULL, NULL, NULL, NULL, NULL, NULL, NULL, NULL, NULL, 4, NULL, NULL),
(313, NULL, NULL, NULL, NULL, NULL, NULL, NULL, NULL, NULL, NULL, NULL, NULL, NULL, NULL, NULL, NULL, NULL, NULL, NULL, NULL, 3, NULL, NULL, NULL, NULL, NULL, NULL, NULL, NULL, 4, NULL, NULL, NULL, NULL, NULL, NULL, NULL, NULL, NULL, NULL, NULL, NULL, NULL, NULL, NULL, NULL, NULL, NULL, NULL, NULL, NULL, NULL, NULL, NULL, NULL, NULL, NULL, NULL, NULL, NULL, NULL, 2, NULL, NULL, NULL, NULL, NULL, 4, NULL, NULL, NULL, NULL, NULL, NULL, NULL, NULL, NULL, NULL, NULL, NULL, NULL, NULL, NULL, NULL, NULL, NULL, NULL, NULL, NULL, NULL, NULL, 5, NULL, NULL, 4, NULL),
(314, NULL, NULL, NULL, NULL, NULL, NULL, NULL, NULL, 4, NULL, NULL, NULL, NULL, NULL, NULL, NULL, NULL, NULL, NULL, NULL, NULL, NULL, NULL, NULL, NULL, NULL, 5, NULL, NULL, NULL, NULL, NULL, NULL, NULL, NULL, NULL, NULL, NULL, NULL, NULL, NULL, NULL, NULL, NULL, NULL, NULL, NULL, NULL, NULL, NULL, 4, NULL, NULL, NULL, NULL, NULL, NULL, NULL, NULL, NULL, NULL, NULL, NULL, NULL, NULL, NULL, NULL, NULL, NULL, 4, NULL, NULL, NULL, NULL, NULL, NULL, NULL, NULL, NULL, NULL, NULL, NULL, NULL, NULL, NULL, 2, NULL, NULL, NULL, NULL, 5, NULL, NULL, NULL, NULL, NULL),
(315, NULL, NULL, NULL, NULL, NULL, NULL, NULL, 3, NULL, NULL, NULL, NULL, 4, NULL, NULL, NULL, 1, NULL, NULL, NULL, NULL, NULL, NULL, NULL, NULL, NULL, NULL, NULL, NULL, NULL, NULL, NULL, NULL, NULL, NULL, NULL, NULL, NULL, NULL, NULL, NULL, NULL, NULL, NULL, NULL, NULL, NULL, NULL, NULL, NULL, NULL, NULL, NULL, NULL, NULL, NULL, NULL, NULL, NULL, NULL, NULL, NULL, NULL, NULL, NULL, NULL, NULL, NULL, NULL, NULL, NULL, NULL, NULL, NULL, NULL, NULL, NULL, NULL, NULL, NULL, NULL, NULL, NULL, NULL, NULL, NULL, NULL, NULL, NULL, NULL, NULL, NULL, NULL, 4, NULL, NULL),
(316, NULL, NULL, NULL, NULL, NULL, NULL, NULL, NULL, NULL, NULL, NULL, NULL, NULL, NULL, NULL, NULL, NULL, NULL, NULL, NULL, NULL, NULL, NULL, NULL, NULL, NULL, NULL, NULL, NULL, NULL, NULL, NULL, NULL, NULL, NULL, NULL, NULL, NULL, NULL, NULL, NULL, NULL, NULL, NULL, NULL, NULL, NULL, NULL, NULL, NULL, NULL, NULL, NULL, NULL, NULL, NULL, NULL, NULL, NULL, NULL, NULL, NULL, NULL, NULL, NULL, NULL, NULL, NULL, NULL, NULL, NULL, NULL, NULL, NULL, NULL, NULL, NULL, NULL, NULL, NULL, NULL, NULL, NULL, NULL, NULL, NULL, NULL, NULL, NULL, NULL, NULL, NULL, NULL, 5, NULL, NULL),
(318, NULL, NULL, NULL, NULL, NULL, NULL, NULL, NULL, NULL, NULL, NULL, NULL, NULL, NULL, NULL, NULL, NULL, NULL, NULL, NULL, NULL, NULL, NULL, NULL, NULL, NULL, NULL, NULL, NULL, NULL, NULL, NULL, NULL, NULL, NULL, NULL, NULL, NULL, NULL, NULL, NULL, NULL, NULL, 2, NULL, NULL, 2, NULL, NULL, NULL, NULL, NULL, NULL, NULL, NULL, NULL, NULL, NULL, NULL, NULL, 4, NULL, NULL, NULL, NULL, NULL, NULL, NULL, NULL, NULL, NULL, NULL, NULL, NULL, NULL, NULL, NULL, NULL, NULL, NULL, NULL, NULL, NULL, NULL, NULL, NULL, NULL, NULL, NULL, NULL, NULL, NULL, NULL, NULL, NULL, NULL),
(320, NULL, NULL, NULL, NULL, NULL, NULL, NULL, NULL, NULL, NULL, 4, NULL, NULL, NULL, NULL, NULL, NULL, NULL, NULL, NULL, NULL, NULL, NULL, NULL, NULL, NULL, NULL, NULL, NULL, NULL, NULL, NULL, NULL, NULL, NULL, NULL, NULL, NULL, NULL, 4, NULL, NULL, NULL, NULL, NULL, NULL, NULL, NULL, NULL, NULL, NULL, NULL, NULL, NULL, NULL, NULL, NULL, NULL, NULL, NULL, NULL, NULL, NULL, NULL, 5, NULL, NULL, NULL, NULL, NULL, NULL, NULL, NULL, NULL, NULL, NULL, NULL, NULL, NULL, NULL, NULL, NULL, NULL, NULL, NULL, NULL, NULL, NULL, NULL, NULL, NULL, NULL, NULL, NULL, 4, NULL),
(322, NULL, NULL, NULL, NULL, NULL, NULL, NULL, NULL, NULL, NULL, NULL, NULL, NULL, NULL, NULL, NULL, NULL, NULL, NULL, NULL, NULL, NULL, NULL, NULL, NULL, NULL, NULL, NULL, NULL, NULL, 5, NULL, NULL, NULL, NULL, NULL, NULL, NULL, NULL, NULL, NULL, NULL, NULL, NULL, NULL, NULL, 5, NULL, NULL, NULL, NULL, NULL, NULL, NULL, NULL, NULL, NULL, NULL, NULL, NULL, NULL, NULL, NULL, NULL, NULL, NULL, NULL, NULL, NULL, NULL, NULL, NULL, NULL, NULL, NULL, NULL, NULL, NULL, NULL, NULL, NULL, NULL, NULL, NULL, NULL, NULL, NULL, NULL, NULL, NULL, NULL, NULL, NULL, NULL, NULL, NULL),
(323, NULL, NULL, NULL, NULL, NULL, NULL, NULL, NULL, 4, NULL, NULL, NULL, NULL, NULL, NULL, NULL, NULL, NULL, NULL, NULL, NULL, NULL, NULL, NULL, NULL, NULL, NULL, NULL, NULL, NULL, NULL, NULL, NULL, NULL, NULL, NULL, NULL, NULL, NULL, NULL, NULL, NULL, NULL, NULL, NULL, NULL, NULL, NULL, NULL, NULL, NULL, NULL, NULL, NULL, NULL, NULL, NULL, NULL, NULL, NULL, NULL, NULL, NULL, NULL, NULL, NULL, NULL, NULL, NULL, NULL, NULL, NULL, NULL, NULL, NULL, NULL, NULL, NULL, NULL, NULL, NULL, NULL, NULL, NULL, NULL, NULL, NULL, NULL, NULL, NULL, NULL, NULL, NULL, NULL, NULL, NULL),
(326, NULL, NULL, NULL, NULL, NULL, NULL, NULL, NULL, NULL, NULL, NULL, NULL, NULL, NULL, NULL, NULL, NULL, NULL, NULL, NULL, 4, NULL, NULL, NULL, NULL, NULL, NULL, NULL, NULL, NULL, NULL, NULL, NULL, NULL, NULL, NULL, NULL, NULL, NULL, NULL, NULL, NULL, NULL, NULL, NULL, NULL, 5, NULL, NULL, NULL, 3, NULL, NULL, NULL, NULL, NULL, NULL, NULL, NULL, NULL, NULL, NULL, NULL, NULL, NULL, 2, NULL, NULL, NULL, NULL, NULL, NULL, NULL, NULL, NULL, NULL, NULL, NULL, NULL, NULL, NULL, NULL, NULL, NULL, NULL, NULL, NULL, NULL, NULL, NULL, NULL, NULL, NULL, NULL, NULL, NULL),
(327, NULL, NULL, NULL, NULL, NULL, NULL, NULL, NULL, NULL, NULL, NULL, NULL, NULL, NULL, NULL, NULL, NULL, NULL, NULL, NULL, NULL, NULL, NULL, NULL, NULL, NULL, NULL, NULL, NULL, NULL, NULL, NULL, NULL, NULL, NULL, NULL, NULL, NULL, NULL, NULL, NULL, NULL, NULL, NULL, NULL, NULL, NULL, NULL, NULL, NULL, NULL, NULL, NULL, NULL, NULL, NULL, NULL, NULL, NULL, NULL, NULL, NULL, NULL, NULL, NULL, NULL, NULL, NULL, NULL, NULL, NULL, NULL, NULL, NULL, NULL, NULL, NULL, NULL, NULL, NULL, NULL, NULL, NULL, NULL, NULL, NULL, NULL, NULL, 4, NULL, NULL, NULL, NULL, NULL, NULL, NULL),
(328, NULL, NULL, NULL, 3, NULL, NULL, NULL, NULL, 4, 4, NULL, NULL, NULL, NULL, NULL, NULL, NULL, NULL, NULL, NULL, NULL, NULL, NULL, NULL, NULL, NULL, NULL, NULL, NULL, NULL, NULL, NULL, NULL, NULL, NULL, NULL, NULL, NULL, NULL, NULL, 3, NULL, NULL, NULL, NULL, NULL, NULL, NULL, NULL, NULL, NULL, NULL, NULL, NULL, NULL, NULL, NULL, NULL, NULL, NULL, NULL, NULL, NULL, NULL, NULL, NULL, NULL, NULL, NULL, NULL, NULL, NULL, NULL, NULL, NULL, NULL, NULL, NULL, NULL, NULL, NULL, NULL, NULL, NULL, NULL, NULL, NULL, NULL, NULL, NULL, NULL, NULL, NULL, NULL, NULL, NULL),
(329, NULL, NULL, NULL, NULL, NULL, NULL, NULL, NULL, NULL, NULL, NULL, NULL, NULL, NULL, NULL, NULL, NULL, NULL, NULL, NULL, NULL, NULL, NULL, NULL, NULL, NULL, NULL, NULL, NULL, NULL, NULL, NULL, NULL, NULL, NULL, NULL, NULL, NULL, NULL, NULL, NULL, NULL, NULL, NULL, NULL, NULL, NULL, NULL, NULL, NULL, NULL, NULL, NULL, NULL, NULL, NULL, NULL, NULL, NULL, NULL, NULL, NULL, NULL, NULL, NULL, NULL, NULL, NULL, NULL, NULL, NULL, NULL, NULL, NULL, NULL, NULL, NULL, NULL, NULL, NULL, NULL, NULL, NULL, NULL, NULL, NULL, NULL, NULL, NULL, NULL, NULL, NULL, NULL, 4, NULL, 4),
(330, NULL, NULL, NULL, NULL, NULL, NULL, NULL, NULL, NULL, NULL, 4, NULL, NULL, NULL, NULL, NULL, NULL, NULL, NULL, NULL, NULL, NULL, NULL, NULL, NULL, NULL, NULL, NULL, NULL, NULL, NULL, NULL, NULL, NULL, NULL, NULL, NULL, NULL, NULL, NULL, NULL, NULL, NULL, NULL, NULL, NULL, NULL, 5, NULL, NULL, NULL, NULL, NULL, NULL, NULL, NULL, NULL, NULL, NULL, NULL, NULL, NULL, NULL, NULL, NULL, NULL, NULL, NULL, NULL, NULL, NULL, NULL, NULL, NULL, NULL, NULL, NULL, NULL, NULL, NULL, NULL, NULL, NULL, NULL, NULL, NULL, NULL, NULL, NULL, NULL, NULL, NULL, NULL, NULL, NULL, NULL),
(331, NULL, NULL, NULL, NULL, NULL, NULL, 4, NULL, NULL, NULL, NULL, NULL, NULL, NULL, NULL, NULL, NULL, NULL, NULL, NULL, NULL, NULL, NULL, NULL, NULL, NULL, NULL, NULL, NULL, NULL, NULL, NULL, NULL, NULL, NULL, NULL, NULL, NULL, NULL, NULL, NULL, NULL, NULL, 5, NULL, NULL, NULL, NULL, NULL, NULL, NULL, NULL, NULL, NULL, NULL, NULL, NULL, NULL, NULL, NULL, NULL, NULL, NULL, NULL, NULL, 5, NULL, NULL, NULL, NULL, NULL, NULL, NULL, NULL, NULL, NULL, NULL, NULL, NULL, NULL, NULL, NULL, NULL, NULL, NULL, NULL, NULL, NULL, NULL, NULL, NULL, NULL, NULL, NULL, NULL, NULL),
(334, NULL, NULL, NULL, NULL, NULL, NULL, NULL, NULL, NULL, NULL, NULL, NULL, NULL, NULL, NULL, NULL, NULL, NULL, NULL, NULL, NULL, NULL, NULL, NULL, NULL, NULL, NULL, NULL, NULL, NULL, NULL, NULL, NULL, NULL, NULL, NULL, NULL, NULL, NULL, NULL, NULL, NULL, NULL, NULL, NULL, NULL, NULL, NULL, 4, NULL, NULL, NULL, NULL, NULL, NULL, NULL, NULL, NULL, NULL, NULL, NULL, NULL, NULL, NULL, NULL, NULL, NULL, NULL, NULL, NULL, NULL, NULL, NULL, NULL, NULL, NULL, NULL, NULL, NULL, NULL, NULL, 4, NULL, NULL, NULL, NULL, NULL, NULL, 4, NULL, NULL, NULL, NULL, NULL, NULL, 5),
(336, NULL, NULL, NULL, NULL, NULL, NULL, NULL, NULL, NULL, NULL, NULL, NULL, NULL, NULL, NULL, NULL, NULL, NULL, NULL, NULL, NULL, NULL, NULL, NULL, NULL, NULL, NULL, NULL, NULL, NULL, NULL, NULL, NULL, NULL, NULL, NULL, NULL, NULL, NULL, NULL, NULL, NULL, NULL, NULL, NULL, NULL, NULL, NULL, NULL, NULL, NULL, NULL, NULL, NULL, NULL, NULL, NULL, NULL, NULL, NULL, NULL, NULL, 3, NULL, NULL, NULL, NULL, NULL, NULL, NULL, NULL, NULL, NULL, NULL, NULL, NULL, NULL, NULL, NULL, NULL, NULL, NULL, NULL, NULL, NULL, NULL, NULL, NULL, NULL, NULL, NULL, NULL, NULL, NULL, NULL, NULL),
(338, NULL, NULL, NULL, NULL, NULL, NULL, NULL, NULL, NULL, NULL, NULL, NULL, NULL, NULL, NULL, NULL, NULL, NULL, NULL, NULL, NULL, NULL, NULL, NULL, NULL, NULL, NULL, NULL, NULL, NULL, NULL, NULL, NULL, NULL, NULL, NULL, NULL, NULL, NULL, NULL, NULL, NULL, NULL, NULL, NULL, NULL, NULL, NULL, NULL, NULL, NULL, NULL, NULL, NULL, NULL, NULL, NULL, NULL, NULL, NULL, NULL, NULL, NULL, NULL, NULL, NULL, NULL, NULL, NULL, NULL, NULL, NULL, NULL, NULL, 4, NULL, NULL, NULL, NULL, NULL, NULL, NULL, NULL, NULL, NULL, NULL, NULL, NULL, NULL, NULL, NULL, NULL, NULL, NULL, NULL, NULL),
(339, NULL, NULL, NULL, NULL, NULL, NULL, NULL, NULL, NULL, NULL, NULL, NULL, NULL, NULL, NULL, NULL, NULL, NULL, NULL, NULL, NULL, NULL, NULL, NULL, NULL, NULL, NULL, NULL, NULL, NULL, NULL, NULL, NULL, NULL, NULL, NULL, NULL, NULL, NULL, NULL, NULL, NULL, NULL, 4, NULL, NULL, NULL, NULL, NULL, NULL, NULL, 3, NULL, NULL, NULL, NULL, NULL, NULL, NULL, NULL, NULL, NULL, NULL, NULL, NULL, NULL, NULL, NULL, NULL, NULL, NULL, NULL, NULL, NULL, NULL, NULL, NULL, NULL, NULL, NULL, NULL, NULL, NULL, NULL, NULL, NULL, NULL, NULL, NULL, NULL, NULL, NULL, NULL, NULL, NULL, NULL),
(343, NULL, NULL, NULL, NULL, NULL, NULL, NULL, NULL, NULL, NULL, NULL, NULL, NULL, NULL, NULL, NULL, NULL, NULL, NULL, NULL, NULL, NULL, NULL, NULL, NULL, NULL, NULL, NULL, NULL, NULL, NULL, NULL, NULL, NULL, NULL, NULL, NULL, NULL, NULL, NULL, NULL, NULL, NULL, NULL, NULL, NULL, NULL, NULL, NULL, NULL, NULL, 3, NULL, NULL, NULL, NULL, NULL, NULL, NULL, NULL, NULL, NULL, NULL, NULL, NULL, NULL, NULL, NULL, NULL, NULL, NULL, NULL, NULL, NULL, NULL, NULL, NULL, NULL, NULL, NULL, NULL, NULL, NULL, NULL, NULL, NULL, NULL, NULL, NULL, NULL, NULL, NULL, NULL, NULL, NULL, NULL);

-- --------------------------------------------------------

--
-- Struktur dari tabel `user`
--

CREATE TABLE `user` (
  `id_user` int(5) NOT NULL,
  `age` int(3) NOT NULL,
  `gender` varchar(10) NOT NULL,
  `zipcode` int(8) NOT NULL,
  `id_occupation` int(5) NOT NULL
) ENGINE=InnoDB DEFAULT CHARSET=utf8mb4;

--
-- Dumping data untuk tabel `user`
--

INSERT INTO `user` (`id_user`, `age`, `gender`, `zipcode`, `id_occupation`) VALUES
(1, 24, 'Male', 85711, 20),
(2, 53, 'Female', 94043, 14),
(3, 23, 'Male', 32067, 21),
(4, 24, 'Male', 43537, 20),
(5, 33, 'Female', 15213, 14),
(6, 42, 'Male', 98101, 7),
(7, 57, 'Male', 91344, 1),
(8, 36, 'Male', 5201, 1),
(9, 29, 'Male', 1002, 19),
(10, 53, 'Male', 90703, 10),
(11, 39, 'Female', 30329, 14),
(12, 28, 'Female', 6405, 14),
(13, 47, 'Male', 29206, 4),
(14, 45, 'Male', 55106, 18),
(15, 49, 'Female', 97301, 4),
(16, 21, 'Male', 10309, 6),
(17, 30, 'Male', 6355, 15),
(18, 35, 'Female', 37212, 14),
(19, 40, 'Male', 2138, 11),
(20, 42, 'Female', 95660, 9),
(21, 26, 'Male', 30068, 21),
(22, 25, 'Male', 40206, 21),
(23, 30, 'Female', 48197, 2),
(24, 21, 'Female', 94533, 2),
(25, 39, 'Male', 55107, 5),
(26, 49, 'Male', 21044, 5),
(27, 40, 'Female', 30030, 11),
(28, 32, 'Male', 55369, 21),
(29, 41, 'Male', 94043, 15),
(30, 7, 'Male', 55436, 19),
(31, 24, 'Male', 10003, 2),
(32, 28, 'Female', 78741, 19),
(33, 23, 'Male', 27510, 19),
(34, 38, 'Female', 42141, 1),
(35, 20, 'Female', 42459, 9),
(36, 19, 'Female', 93117, 19),
(37, 23, 'Male', 55105, 19),
(38, 28, 'Female', 54467, 14),
(39, 41, 'Male', 1040, 6),
(40, 38, 'Male', 27514, 18),
(41, 33, 'Male', 80525, 5),
(42, 30, 'Male', 17870, 1),
(43, 29, 'Female', 20854, 11),
(44, 26, 'Male', 46260, 20),
(45, 29, 'Male', 50233, 15),
(46, 27, 'Female', 46538, 12),
(47, 53, 'Male', 7102, 12),
(48, 45, 'Male', 12550, 1),
(49, 23, 'Female', 76111, 19),
(50, 21, 'Male', 52245, 21),
(51, 28, 'Male', 16509, 4),
(52, 18, 'Female', 55105, 19),
(53, 26, 'Male', 55414, 15),
(54, 22, 'Male', 66315, 7),
(55, 37, 'Male', 1331, 15),
(56, 25, 'Male', 46260, 11),
(57, 16, 'Male', 84010, 13),
(58, 27, 'Male', 52246, 15),
(59, 49, 'Male', 8403, 4),
(60, 50, 'Male', 6472, 8),
(61, 36, 'Male', 30040, 5),
(62, 27, 'Female', 97214, 1),
(63, 31, 'Male', 75240, 12),
(64, 32, 'Male', 43202, 4),
(65, 51, 'Female', 48118, 4),
(66, 23, 'Male', 80521, 19),
(67, 17, 'Male', 60402, 19),
(68, 19, 'Male', 22904, 19),
(69, 24, 'Male', 55337, 5),
(70, 27, 'Male', 60067, 5),
(71, 39, 'Male', 98034, 18),
(72, 48, 'Female', 73034, 1),
(73, 24, 'Male', 41850, 19),
(74, 39, 'Male', 81, 18),
(75, 24, 'Male', 8816, 6),
(76, 20, 'Male', 2215, 19),
(77, 30, 'Male', 29379, 20),
(78, 26, 'Male', 61801, 1),
(79, 39, 'Female', 3755, 1),
(80, 34, 'Female', 52241, 1),
(81, 21, 'Male', 21218, 19),
(82, 50, 'Male', 22902, 15),
(83, 40, 'Male', 44133, 14),
(84, 32, 'Male', 55369, 7),
(85, 51, 'Male', 20003, 4),
(86, 26, 'Male', 46005, 1),
(87, 47, 'Male', 89503, 1),
(88, 49, 'Male', 11701, 11),
(89, 43, 'Female', 68106, 1),
(90, 60, 'Male', 78155, 4),
(91, 55, 'Male', 1913, 12),
(92, 32, 'Male', 80525, 6),
(93, 48, 'Male', 23112, 7),
(94, 26, 'Male', 71457, 19),
(95, 31, 'Male', 10707, 1),
(96, 25, 'Female', 75206, 2),
(97, 43, 'Male', 98006, 2),
(98, 49, 'Female', 90291, 7),
(99, 20, 'Male', 63129, 19),
(100, 36, 'Male', 90254, 7),
(101, 15, 'Male', 5146, 19),
(102, 38, 'Male', 30220, 15),
(103, 26, 'Male', 55108, 19),
(104, 27, 'Male', 55108, 19),
(105, 24, 'Male', 94043, 5),
(106, 61, 'Male', 55125, 16),
(107, 39, 'Male', 60466, 18),
(108, 44, 'Male', 63130, 4),
(109, 29, 'Male', 55423, 14),
(110, 19, 'Male', 77840, 19),
(111, 57, 'Male', 90630, 5),
(112, 30, 'Male', 60613, 17),
(113, 47, 'Male', 95032, 7),
(114, 27, 'Male', 75013, 15),
(115, 31, 'Male', 17110, 5),
(116, 40, 'Male', 97232, 8),
(117, 20, 'Male', 16125, 19),
(118, 21, 'Male', 90210, 1),
(119, 32, 'Male', 67401, 15),
(120, 47, 'Female', 6260, 14),
(121, 54, 'Male', 99603, 11),
(122, 32, 'Female', 22206, 21),
(123, 48, 'Female', 20008, 2),
(124, 34, 'Male', 60615, 19),
(125, 30, 'Male', 22202, 10),
(126, 28, 'Female', 20015, 10),
(127, 33, 'Male', 73439, 13),
(128, 24, 'Female', 20009, 12),
(129, 36, 'Female', 7039, 12),
(130, 20, 'Male', 60115, 13),
(131, 59, 'Female', 15237, 1),
(132, 24, 'Male', 94612, 14),
(133, 53, 'Male', 78602, 5),
(134, 31, 'Male', 80236, 15),
(135, 23, 'Male', 38401, 19),
(136, 51, 'Male', 97365, 14),
(137, 50, 'Male', 84408, 4),
(138, 46, 'Male', 53211, 4),
(139, 20, 'Male', 8904, 19),
(140, 30, 'Female', 32250, 19),
(141, 49, 'Male', 36117, 15),
(142, 13, 'Male', 48118, 14),
(143, 42, 'Male', 8832, 20),
(144, 53, 'Male', 20910, 15),
(145, 31, 'Male', 34, 6),
(146, 45, 'Male', 83814, 2),
(147, 40, 'Female', 2143, 11),
(148, 33, 'Male', 97006, 5),
(149, 35, 'Female', 17325, 12),
(150, 20, 'Female', 2139, 2),
(151, 38, 'Female', 48103, 1),
(152, 33, 'Female', 68767, 4),
(153, 25, 'Male', 60641, 19),
(154, 25, 'Male', 53703, 19),
(155, 32, 'Female', 11217, 14),
(156, 25, 'Male', 8360, 4),
(157, 57, 'Male', 70808, 5),
(158, 50, 'Male', 27606, 4),
(159, 23, 'Female', 55346, 19),
(160, 27, 'Male', 66215, 15),
(161, 50, 'Male', 55104, 10),
(162, 25, 'Male', 15610, 2),
(163, 49, 'Male', 97212, 1),
(164, 47, 'Male', 80123, 8),
(165, 20, 'Female', 53715, 14),
(166, 47, 'Male', 55113, 4),
(167, 37, 'Male', 92, 4),
(168, 48, 'Male', 80127, 14),
(169, 52, 'Female', 53705, 14),
(170, 53, 'Female', 30067, 8),
(171, 48, 'Female', 78750, 4),
(172, 55, 'Male', 22207, 12),
(173, 56, 'Male', 22306, 14),
(174, 30, 'Female', 52302, 1),
(175, 26, 'Female', 21911, 18),
(176, 28, 'Male', 7030, 18),
(177, 20, 'Male', 19104, 15),
(178, 26, 'Male', 49512, 14),
(179, 15, 'Male', 20755, 6),
(180, 22, 'Female', 60202, 1),
(181, 26, 'Male', 21218, 7),
(182, 36, 'Male', 33884, 15),
(183, 33, 'Male', 27708, 18),
(184, 37, 'Male', 76013, 11),
(185, 53, 'Female', 97403, 11),
(186, 39, 'Female', 0, 7),
(187, 26, 'Male', 16801, 4),
(188, 42, 'Male', 29440, 19),
(189, 32, 'Male', 95014, 2),
(190, 30, 'Male', 95938, 1),
(191, 33, 'Male', 95161, 1),
(192, 42, 'Male', 90840, 4),
(193, 29, 'Male', 49931, 19),
(194, 38, 'Male', 2154, 1),
(195, 42, 'Male', 93555, 18),
(196, 49, 'Male', 55105, 21),
(197, 55, 'Male', 75094, 20),
(198, 21, 'Female', 55414, 19),
(199, 30, 'Male', 17604, 21),
(200, 40, 'Male', 93402, 15),
(201, 27, 'Male', 24, 21),
(202, 41, 'Female', 60201, 4),
(203, 25, 'Female', 32301, 19),
(204, 52, 'Female', 10960, 11),
(205, 47, 'Male', 6371, 10),
(206, 14, 'Female', 53115, 19),
(207, 39, 'Male', 92037, 12),
(208, 43, 'Male', 1720, 5),
(209, 33, 'Female', 85710, 4),
(210, 39, 'Male', 3060, 5),
(211, 66, 'Male', 32605, 17),
(212, 49, 'Female', 61401, 4),
(213, 33, 'Male', 55345, 7),
(214, 26, 'Female', 11231, 11),
(215, 35, 'Male', 63033, 15),
(216, 22, 'Male', 2215, 5),
(217, 22, 'Male', 11727, 14),
(218, 37, 'Male', 6513, 1),
(219, 32, 'Male', 43212, 15),
(220, 30, 'Male', 78205, 11),
(221, 19, 'Male', 20685, 19),
(222, 29, 'Male', 27502, 15),
(223, 19, 'Female', 47906, 19),
(224, 31, 'Female', 43512, 4),
(225, 51, 'Female', 58202, 1),
(226, 28, 'Male', 92103, 19),
(227, 46, 'Male', 60659, 7),
(228, 21, 'Female', 22003, 19),
(229, 29, 'Female', 22903, 11),
(230, 28, 'Female', 14476, 19),
(231, 48, 'Male', 1080, 11),
(232, 45, 'Male', 99709, 18),
(233, 38, 'Male', 98682, 5),
(234, 60, 'Male', 94702, 16),
(235, 37, 'Male', 22973, 4),
(236, 44, 'Female', 53214, 21),
(237, 49, 'Male', 63146, 1),
(238, 42, 'Female', 44124, 1),
(239, 39, 'Male', 95628, 2),
(240, 23, 'Female', 20784, 4),
(241, 26, 'Female', 20001, 19),
(242, 33, 'Male', 31404, 4),
(243, 33, 'Male', 60201, 4),
(244, 28, 'Male', 80525, 20),
(245, 22, 'Male', 55109, 19),
(246, 19, 'Male', 28734, 19),
(247, 28, 'Male', 20770, 5),
(248, 25, 'Male', 37235, 19),
(249, 25, 'Male', 84103, 19),
(250, 29, 'Male', 95110, 7),
(251, 28, 'Male', 85032, 3),
(252, 42, 'Male', 7733, 5),
(253, 26, 'Female', 22903, 11),
(254, 44, 'Male', 42647, 4),
(255, 23, 'Male', 7029, 6),
(256, 35, 'Female', 39042, 13),
(257, 17, 'Male', 77005, 19),
(258, 19, 'Female', 77801, 19),
(259, 21, 'Male', 48823, 19),
(260, 40, 'Female', 89801, 2),
(261, 28, 'Male', 85202, 1),
(262, 19, 'Female', 78264, 19),
(263, 41, 'Male', 55346, 15),
(264, 36, 'Female', 90064, 21),
(265, 26, 'Male', 84601, 7),
(266, 62, 'Female', 78756, 1),
(267, 23, 'Male', 83716, 5),
(268, 24, 'Male', 19422, 5),
(269, 31, 'Female', 43201, 11),
(270, 18, 'Female', 63119, 19),
(271, 51, 'Male', 22932, 5),
(272, 33, 'Male', 53706, 18),
(273, 50, 'Female', 10016, 14),
(274, 20, 'Female', 55414, 19),
(275, 38, 'Male', 92064, 5),
(276, 21, 'Male', 95064, 19),
(277, 35, 'Female', 55406, 1),
(278, 37, 'Female', 30033, 11),
(279, 33, 'Male', 85251, 15),
(280, 30, 'Female', 22903, 11),
(281, 15, 'Female', 6059, 19),
(282, 22, 'Male', 20057, 1),
(283, 28, 'Male', 55305, 15),
(284, 40, 'Male', 92629, 7),
(285, 25, 'Male', 53713, 15),
(286, 27, 'Male', 15217, 19),
(287, 21, 'Male', 31211, 17),
(288, 34, 'Male', 23226, 12),
(289, 11, 'Male', 94619, 13),
(290, 40, 'Male', 93550, 5),
(291, 19, 'Male', 44106, 19),
(292, 35, 'Female', 94703, 15),
(293, 24, 'Male', 60804, 21),
(294, 34, 'Male', 92110, 20),
(295, 31, 'Male', 50325, 4),
(296, 43, 'Female', 16803, 1),
(297, 29, 'Female', 98103, 4),
(298, 44, 'Male', 1581, 7),
(299, 29, 'Male', 63108, 3),
(300, 26, 'Female', 55106, 15),
(301, 24, 'Male', 55439, 19),
(302, 42, 'Male', 77904, 4),
(303, 19, 'Male', 14853, 19),
(304, 22, 'Female', 71701, 19),
(305, 23, 'Male', 94086, 15),
(306, 45, 'Male', 73132, 14),
(307, 25, 'Male', 55454, 19),
(308, 60, 'Male', 95076, 16),
(309, 40, 'Male', 70802, 18),
(310, 37, 'Male', 91711, 4),
(311, 32, 'Male', 73071, 20),
(312, 48, 'Male', 2110, 14),
(313, 41, 'Male', 60035, 12),
(314, 20, 'Female', 8043, 19),
(315, 31, 'Male', 18301, 4),
(316, 43, 'Female', 77009, 4),
(317, 32, 'Male', 13210, 1),
(318, 65, 'Male', 6518, 16),
(319, 38, 'Male', 22030, 15),
(320, 19, 'Male', 24060, 19),
(321, 49, 'Female', 55413, 4),
(322, 20, 'Male', 50613, 19),
(323, 21, 'Male', 19149, 19),
(324, 21, 'Female', 2176, 19),
(325, 48, 'Male', 2139, 20),
(326, 41, 'Male', 15235, 1),
(327, 22, 'Male', 11101, 19),
(328, 51, 'Male', 6779, 1),
(329, 48, 'Male', 1720, 4),
(330, 35, 'Female', 33884, 4),
(331, 33, 'Male', 91344, 6),
(332, 20, 'Male', 40504, 19),
(333, 47, 'Male', 2, 14),
(334, 32, 'Male', 30002, 11),
(335, 45, 'Male', 33775, 7),
(336, 23, 'Male', 42101, 17),
(337, 37, 'Male', 10522, 18),
(338, 39, 'Female', 59717, 11),
(339, 35, 'Male', 37901, 10),
(340, 46, 'Male', 80123, 5),
(341, 17, 'Female', 44405, 19),
(342, 25, 'Female', 98006, 14),
(343, 43, 'Male', 30093, 5),
(344, 30, 'Female', 94117, 11),
(345, 28, 'Female', 94143, 11),
(346, 34, 'Male', 76059, 14),
(347, 18, 'Male', 90210, 19),
(348, 24, 'Female', 45660, 19),
(349, 68, 'Male', 61455, 16),
(350, 32, 'Male', 97301, 19),
(351, 61, 'Male', 49938, 4),
(352, 37, 'Female', 55105, 15),
(353, 35, 'Male', 28480, 18),
(354, 29, 'Female', 48197, 11),
(355, 25, 'Male', 60135, 19),
(356, 32, 'Female', 92688, 9),
(357, 26, 'Male', 98133, 7),
(358, 40, 'Male', 10022, 4),
(359, 22, 'Male', 61801, 19),
(360, 51, 'Male', 98027, 14),
(361, 22, 'Male', 44074, 19),
(362, 35, 'Female', 85233, 9),
(363, 20, 'Male', 87501, 19),
(364, 63, 'Male', 1810, 5),
(365, 29, 'Male', 20009, 10),
(366, 20, 'Female', 50670, 19),
(367, 17, 'Male', 37411, 19),
(368, 18, 'Male', 92113, 19),
(369, 24, 'Male', 91335, 19),
(370, 52, 'Male', 8534, 21),
(371, 36, 'Male', 99206, 5),
(372, 25, 'Female', 66046, 19),
(373, 24, 'Female', 55116, 14),
(374, 36, 'Male', 78746, 7),
(375, 17, 'Male', 37777, 6),
(376, 28, 'Female', 10010, 14),
(377, 22, 'Male', 18015, 19),
(378, 35, 'Male', 2859, 19),
(379, 44, 'Male', 98117, 15),
(380, 32, 'Male', 55117, 5),
(381, 33, 'Male', 94608, 2),
(382, 45, 'Male', 1824, 5),
(383, 42, 'Male', 75204, 1),
(384, 52, 'Male', 45218, 15),
(385, 36, 'Male', 10003, 21),
(386, 36, 'Male', 43221, 17),
(387, 33, 'Male', 37412, 6),
(388, 31, 'Male', 36106, 14),
(389, 44, 'Female', 83702, 21),
(390, 42, 'Female', 85016, 21),
(391, 23, 'Male', 84604, 19),
(392, 52, 'Male', 59801, 21),
(393, 19, 'Male', 83686, 19),
(394, 25, 'Male', 96819, 1),
(395, 43, 'Male', 44092, 14),
(396, 57, 'Male', 94551, 5),
(397, 17, 'Male', 27514, 19),
(398, 40, 'Male', 60008, 14),
(399, 25, 'Male', 92374, 14),
(400, 33, 'Female', 78213, 1),
(401, 46, 'Female', 84107, 8),
(402, 30, 'Male', 95129, 5),
(403, 37, 'Male', 6811, 14),
(404, 29, 'Female', 55108, 15),
(405, 22, 'Female', 10019, 8),
(406, 52, 'Male', 93109, 4),
(407, 29, 'Male', 3261, 5),
(408, 23, 'Male', 61755, 19),
(409, 48, 'Male', 98225, 1),
(410, 30, 'Female', 94025, 2),
(411, 34, 'Male', 44691, 4),
(412, 25, 'Male', 15222, 4),
(413, 55, 'Male', 78212, 4),
(414, 24, 'Male', 38115, 15),
(415, 39, 'Male', 85711, 15),
(416, 20, 'Female', 92626, 19),
(417, 27, 'Female', 48103, 14),
(418, 55, 'Female', 21206, 13),
(419, 37, 'Male', 43215, 10),
(420, 53, 'Male', 2140, 4),
(421, 38, 'Female', 55105, 15),
(422, 26, 'Male', 94533, 6),
(423, 64, 'Male', 91606, 14),
(424, 36, 'Female', 55422, 12),
(425, 19, 'Male', 58644, 19),
(426, 55, 'Male', 1602, 4),
(427, 51, 'Male', 85258, 3),
(428, 28, 'Male', 55414, 19),
(429, 27, 'Male', 29205, 19),
(430, 38, 'Male', 98199, 18),
(431, 24, 'Male', 92629, 12),
(432, 22, 'Male', 50311, 6),
(433, 27, 'Male', 11211, 2),
(434, 16, 'Female', 49705, 19),
(435, 24, 'Male', 60007, 5),
(436, 30, 'Female', 17345, 1),
(437, 27, 'Female', 20009, 14),
(438, 51, 'Female', 43204, 1),
(439, 23, 'Female', 20817, 1),
(440, 30, 'Male', 48076, 14),
(441, 50, 'Male', 55013, 20),
(442, 22, 'Male', 85282, 19),
(443, 35, 'Male', 33308, 17),
(444, 51, 'Female', 53202, 10),
(445, 21, 'Male', 92653, 21),
(446, 57, 'Male', 60201, 4),
(447, 30, 'Male', 55113, 1),
(448, 23, 'Male', 10021, 6),
(449, 23, 'Male', 55021, 11),
(450, 35, 'Female', 11758, 4),
(451, 16, 'Male', 48446, 19),
(452, 35, 'Male', 28018, 1),
(453, 18, 'Male', 6333, 19),
(454, 57, 'Male', 97330, 14),
(455, 48, 'Male', 83709, 1),
(456, 24, 'Male', 31820, 20),
(457, 33, 'Female', 30011, 17),
(458, 47, 'Male', 16, 20),
(459, 22, 'Male', 29201, 19),
(460, 44, 'Female', 60630, 14),
(461, 15, 'Female', 98102, 19),
(462, 19, 'Female', 2918, 19),
(463, 48, 'Female', 75218, 8),
(464, 60, 'Male', 94583, 21),
(465, 32, 'Male', 5001, 14),
(466, 22, 'Male', 90804, 19),
(467, 29, 'Male', 91201, 5),
(468, 28, 'Male', 2341, 5),
(469, 60, 'Male', 78628, 4),
(470, 24, 'Male', 10021, 15),
(471, 10, 'Male', 77459, 19),
(472, 24, 'Male', 87544, 19),
(473, 29, 'Male', 94708, 19),
(474, 51, 'Male', 93711, 7),
(475, 30, 'Male', 75230, 15),
(476, 28, 'Male', 60440, 19),
(477, 23, 'Female', 2125, 19),
(478, 29, 'Male', 10019, 14),
(479, 30, 'Male', 55409, 4),
(480, 57, 'Male', 98257, 16),
(481, 73, 'Male', 37771, 16),
(482, 18, 'Female', 40256, 19),
(483, 29, 'Male', 43212, 18),
(484, 27, 'Male', 21208, 19),
(485, 44, 'Female', 95821, 4),
(486, 39, 'Male', 93101, 4),
(487, 22, 'Male', 92121, 5),
(488, 48, 'Male', 21012, 20),
(489, 55, 'Male', 45218, 14),
(490, 29, 'Male', 52, 2),
(491, 43, 'Female', 53711, 21),
(492, 57, 'Male', 94618, 4),
(493, 22, 'Male', 60090, 5),
(494, 38, 'Female', 49428, 1),
(495, 29, 'Male', 3052, 5),
(496, 21, 'Female', 55414, 19),
(497, 20, 'Male', 50112, 19),
(498, 26, 'Male', 55408, 21),
(499, 42, 'Male', 75006, 15),
(500, 28, 'Male', 94305, 1),
(501, 22, 'Male', 10025, 19),
(502, 22, 'Male', 23092, 19),
(503, 50, 'Female', 27514, 21),
(504, 40, 'Female', 92115, 21),
(505, 27, 'Female', 20657, 14),
(506, 46, 'Male', 3869, 15),
(507, 18, 'Female', 28450, 21),
(508, 27, 'Male', 19382, 12),
(509, 23, 'Male', 10011, 1),
(510, 34, 'Male', 98038, 14),
(511, 22, 'Male', 21250, 19),
(512, 29, 'Male', 20090, 14),
(513, 43, 'Male', 26241, 1),
(514, 27, 'Male', 20707, 15),
(515, 53, 'Male', 49508, 12),
(516, 53, 'Female', 10021, 11),
(517, 24, 'Male', 55454, 19),
(518, 49, 'Female', 99709, 21),
(519, 22, 'Male', 55320, 14),
(520, 62, 'Male', 12603, 8),
(521, 19, 'Male', 2146, 19),
(522, 36, 'Male', 55443, 5),
(523, 50, 'Female', 4102, 1),
(524, 56, 'Male', 2159, 4),
(525, 27, 'Female', 19711, 1),
(526, 30, 'Male', 97124, 12),
(527, 33, 'Male', 12180, 11),
(528, 18, 'Male', 55104, 19),
(529, 47, 'Female', 44224, 1),
(530, 29, 'Male', 94040, 5),
(531, 30, 'Female', 97408, 17),
(532, 20, 'Male', 92705, 19),
(533, 43, 'Male', 2324, 11),
(534, 20, 'Male', 5464, 19),
(535, 45, 'Female', 80302, 4),
(536, 38, 'Male', 30078, 5),
(537, 36, 'Male', 22902, 5),
(538, 31, 'Male', 21010, 18),
(539, 53, 'Female', 80303, 1),
(540, 28, 'Male', 91201, 5),
(541, 19, 'Female', 84302, 19),
(542, 21, 'Male', 60515, 19),
(543, 33, 'Male', 95123, 18),
(544, 44, 'Female', 29464, 14),
(545, 27, 'Male', 8052, 20),
(546, 36, 'Male', 22911, 7),
(547, 50, 'Male', 14534, 4),
(548, 51, 'Male', 95468, 21),
(549, 42, 'Male', 45680, 18),
(550, 16, 'Female', 95453, 19),
(551, 25, 'Male', 55414, 15),
(552, 45, 'Male', 68147, 14),
(553, 58, 'Male', 62901, 4),
(554, 32, 'Male', 62901, 18),
(555, 29, 'Female', 23227, 4),
(556, 35, 'Female', 30606, 4),
(557, 30, 'Female', 11217, 21),
(558, 56, 'Female', 63132, 21),
(559, 69, 'Male', 10022, 7),
(560, 32, 'Male', 10003, 19),
(561, 23, 'Male', 60005, 5),
(562, 54, 'Female', 20879, 1),
(563, 39, 'Female', 32707, 11),
(564, 65, 'Male', 94591, 16),
(565, 40, 'Male', 55422, 19),
(566, 20, 'Male', 14627, 19),
(567, 24, 'Male', 10003, 6),
(568, 39, 'Male', 1915, 4),
(569, 34, 'Male', 91903, 4),
(570, 26, 'Male', 14627, 4),
(571, 34, 'Male', 1945, 2),
(572, 51, 'Male', 20003, 4),
(573, 68, 'Male', 48911, 16),
(574, 56, 'Male', 53188, 4),
(575, 33, 'Male', 46032, 12),
(576, 48, 'Male', 98281, 7),
(577, 36, 'Female', 77845, 19),
(578, 31, 'Male', 71, 1),
(579, 32, 'Male', 48103, 4),
(580, 16, 'Male', 17961, 19),
(581, 37, 'Male', 94131, 14),
(582, 17, 'Male', 93003, 19),
(583, 44, 'Male', 29631, 5),
(584, 25, 'Male', 27511, 19),
(585, 69, 'Male', 98501, 11),
(586, 20, 'Male', 79508, 19),
(587, 26, 'Male', 14216, 14),
(588, 18, 'Female', 93063, 19),
(589, 21, 'Male', 90034, 10),
(590, 50, 'Male', 82435, 4),
(591, 57, 'Female', 92093, 11),
(592, 18, 'Male', 97520, 19),
(593, 31, 'Female', 68767, 4),
(594, 46, 'Male', 42, 4),
(595, 25, 'Male', 31909, 15),
(596, 20, 'Male', 77073, 2),
(597, 23, 'Male', 84116, 14),
(598, 40, 'Female', 43085, 12),
(599, 22, 'Female', 35, 19),
(600, 34, 'Male', 2320, 15),
(601, 19, 'Female', 99687, 2),
(602, 47, 'Female', 34656, 14),
(603, 21, 'Male', 47905, 15),
(604, 31, 'Male', 11787, 4),
(605, 33, 'Male', 33716, 5),
(606, 28, 'Male', 63044, 15),
(607, 49, 'Female', 2154, 8),
(608, 22, 'Male', 10003, 14),
(609, 13, 'Female', 55106, 19),
(610, 22, 'Male', 21227, 19),
(611, 46, 'Male', 77008, 11),
(612, 36, 'Male', 79070, 4),
(613, 37, 'Female', 29678, 12),
(614, 54, 'Male', 80227, 4),
(615, 38, 'Male', 27705, 4),
(616, 55, 'Male', 50613, 18),
(617, 27, 'Female', 11201, 21),
(618, 15, 'Female', 44212, 19),
(619, 17, 'Male', 44134, 19),
(620, 18, 'Female', 81648, 21),
(621, 17, 'Male', 60402, 19),
(622, 25, 'Male', 14850, 15),
(623, 50, 'Female', 60187, 4),
(624, 19, 'Male', 30067, 19),
(625, 27, 'Male', 20723, 15),
(626, 23, 'Male', 19807, 18),
(627, 24, 'Male', 8034, 5),
(628, 13, 'Male', 94306, 13),
(629, 46, 'Female', 44224, 14),
(630, 26, 'Female', 55408, 8),
(631, 18, 'Female', 38866, 19),
(632, 18, 'Male', 55454, 19),
(633, 35, 'Male', 55414, 15),
(634, 39, 'Male', 81, 5),
(635, 22, 'Male', 23237, 14),
(636, 47, 'Male', 48043, 4),
(637, 30, 'Male', 74101, 14),
(638, 45, 'Male', 1940, 5),
(639, 42, 'Female', 12065, 11),
(640, 20, 'Male', 61800, 19),
(641, 24, 'Male', 60626, 19),
(642, 18, 'Female', 95521, 19),
(643, 39, 'Male', 55122, 18),
(644, 51, 'Male', 63645, 16),
(645, 27, 'Male', 53211, 15),
(646, 17, 'Female', 51250, 19),
(647, 40, 'Male', 45810, 4),
(648, 43, 'Male', 91351, 5),
(649, 20, 'Male', 39762, 19),
(650, 42, 'Male', 83814, 5),
(651, 65, 'Male', 2903, 16),
(652, 35, 'Male', 22911, 14),
(653, 31, 'Male', 55105, 7),
(654, 27, 'Female', 78739, 19),
(655, 50, 'Female', 60657, 8),
(656, 48, 'Male', 10314, 4),
(657, 26, 'Female', 78704, 13),
(658, 33, 'Male', 92626, 15),
(659, 31, 'Male', 54248, 4),
(660, 26, 'Male', 77380, 19),
(661, 28, 'Male', 98121, 15),
(662, 55, 'Male', 19102, 11),
(663, 26, 'Male', 19341, 14),
(664, 30, 'Male', 94115, 5),
(665, 25, 'Male', 55412, 1),
(666, 44, 'Male', 61820, 1),
(667, 35, 'Male', 1970, 11),
(668, 29, 'Female', 10016, 21),
(669, 37, 'Male', 20009, 14),
(670, 30, 'Male', 21114, 20),
(671, 21, 'Male', 91919, 15),
(672, 54, 'Female', 90095, 1),
(673, 51, 'Male', 22906, 4),
(674, 13, 'Female', 55337, 19),
(675, 34, 'Male', 28814, 14),
(676, 30, 'Male', 32712, 15),
(677, 20, 'Male', 99835, 14),
(678, 50, 'Male', 61462, 4),
(679, 20, 'Female', 54302, 19),
(680, 33, 'Male', 90405, 10),
(681, 44, 'Female', 97208, 12),
(682, 23, 'Male', 55128, 15),
(683, 42, 'Male', 23509, 11),
(684, 28, 'Male', 55414, 19),
(685, 32, 'Female', 55409, 11),
(686, 32, 'Male', 26506, 4),
(687, 31, 'Female', 27713, 8),
(688, 37, 'Female', 60476, 1),
(689, 25, 'Male', 45439, 14),
(690, 35, 'Male', 63304, 17),
(691, 34, 'Male', 60089, 4),
(692, 34, 'Male', 18053, 5),
(693, 43, 'Female', 85210, 8),
(694, 60, 'Male', 6365, 15),
(695, 26, 'Male', 38115, 21),
(696, 55, 'Male', 94920, 14),
(697, 25, 'Male', 77042, 14),
(698, 28, 'Female', 6906, 15),
(699, 44, 'Male', 96754, 14),
(700, 17, 'Male', 76309, 19),
(701, 51, 'Female', 56321, 11),
(702, 37, 'Male', 89104, 14),
(703, 26, 'Male', 49512, 4),
(704, 51, 'Female', 91105, 11),
(705, 21, 'Female', 54494, 19),
(706, 23, 'Male', 55454, 19),
(707, 56, 'Female', 19146, 11),
(708, 26, 'Female', 96349, 9),
(709, 21, 'Male', 41, 14),
(710, 19, 'Male', 92020, 19),
(711, 22, 'Female', 15203, 19),
(712, 22, 'Female', 54901, 19),
(713, 42, 'Female', 7204, 14),
(714, 26, 'Male', 55343, 5),
(715, 21, 'Male', 91206, 20),
(716, 36, 'Female', 44265, 1),
(717, 24, 'Male', 84105, 20),
(718, 42, 'Male', 64118, 20),
(719, 37, 'Female', 2, 14),
(720, 49, 'Female', 16506, 1),
(721, 24, 'Female', 11238, 6),
(722, 50, 'Female', 17331, 9),
(723, 26, 'Male', 94403, 7),
(724, 31, 'Male', 40243, 7),
(725, 21, 'Male', 91711, 19),
(726, 25, 'Female', 80538, 1),
(727, 25, 'Male', 78741, 19),
(728, 58, 'Male', 94306, 7),
(729, 19, 'Male', 56567, 19),
(730, 31, 'Female', 32114, 18),
(731, 41, 'Female', 70403, 4),
(732, 28, 'Female', 98405, 14),
(733, 44, 'Female', 60630, 14),
(734, 25, 'Female', 63108, 14),
(735, 29, 'Female', 85719, 8),
(736, 48, 'Female', 94618, 21),
(737, 30, 'Male', 98072, 15),
(738, 35, 'Male', 95403, 20),
(739, 35, 'Male', 73162, 20),
(740, 25, 'Female', 22206, 4),
(741, 25, 'Male', 63108, 21),
(742, 35, 'Male', 29210, 19),
(743, 31, 'Male', 92660, 15),
(744, 35, 'Male', 47024, 12),
(745, 42, 'Male', 55113, 21),
(746, 25, 'Male', 19047, 5),
(747, 19, 'Male', 93612, 14),
(748, 28, 'Male', 94720, 1),
(749, 33, 'Male', 80919, 14),
(750, 28, 'Male', 32303, 1),
(751, 24, 'Female', 90034, 14),
(752, 60, 'Male', 21201, 16),
(753, 56, 'Male', 91206, 17),
(754, 59, 'Female', 62901, 11),
(755, 44, 'Female', 97007, 4),
(756, 30, 'Female', 90247, 13),
(757, 26, 'Male', 55104, 19),
(758, 27, 'Male', 53706, 19),
(759, 20, 'Female', 68503, 19),
(760, 35, 'Female', 14211, 14),
(761, 17, 'Male', 97302, 19),
(762, 32, 'Male', 95050, 1),
(763, 27, 'Male', 2113, 18),
(764, 27, 'Female', 62903, 4),
(765, 31, 'Male', 33066, 19),
(766, 42, 'Male', 10960, 14),
(767, 70, 'Male', 0, 5),
(768, 29, 'Male', 12866, 1),
(769, 39, 'Male', 6927, 7),
(770, 28, 'Male', 14216, 19),
(771, 26, 'Male', 15232, 19),
(772, 50, 'Male', 27105, 21),
(773, 20, 'Male', 55414, 19),
(774, 30, 'Male', 80027, 19),
(775, 46, 'Male', 90036, 7),
(776, 30, 'Male', 51157, 11),
(777, 63, 'Male', 1810, 15),
(778, 34, 'Male', 1960, 19),
(779, 31, 'Male', 75, 19),
(780, 49, 'Male', 94560, 15),
(781, 20, 'Male', 48825, 19),
(782, 21, 'Female', 33205, 2),
(783, 30, 'Male', 77081, 12),
(784, 47, 'Male', 91040, 1),
(785, 32, 'Male', 23322, 5),
(786, 36, 'Female', 1754, 5),
(787, 18, 'Female', 98620, 19),
(788, 51, 'Male', 5779, 1),
(789, 29, 'Male', 55420, 14),
(790, 27, 'Male', 80913, 20),
(791, 31, 'Male', 20064, 4),
(792, 40, 'Male', 12205, 15),
(793, 22, 'Male', 85281, 19),
(794, 32, 'Male', 57197, 4),
(795, 30, 'Male', 8610, 15),
(796, 32, 'Female', 33755, 21),
(797, 44, 'Female', 62522, 14),
(798, 40, 'Female', 64131, 21),
(799, 49, 'Female', 19716, 1),
(800, 25, 'Male', 55337, 15),
(801, 22, 'Male', 92154, 21),
(802, 35, 'Male', 34105, 1),
(803, 70, 'Male', 78212, 1),
(804, 39, 'Male', 61820, 4),
(805, 27, 'Female', 20009, 14),
(806, 27, 'Male', 11217, 12),
(807, 41, 'Female', 93555, 8),
(808, 45, 'Male', 90016, 17),
(809, 50, 'Female', 30803, 12),
(810, 55, 'Female', 80526, 14),
(811, 40, 'Female', 73013, 4),
(812, 22, 'Male', 76234, 20),
(813, 14, 'Female', 2136, 19),
(814, 30, 'Male', 12345, 14),
(815, 32, 'Male', 28806, 14),
(816, 34, 'Male', 20755, 14),
(817, 19, 'Male', 60152, 19),
(818, 28, 'Male', 27514, 11),
(819, 59, 'Male', 40205, 1),
(820, 22, 'Male', 37725, 19),
(821, 37, 'Male', 77845, 5),
(822, 29, 'Female', 53144, 11),
(823, 27, 'Male', 50322, 2),
(824, 31, 'Male', 15017, 14),
(825, 44, 'Male', 5452, 5),
(826, 28, 'Male', 77048, 2),
(827, 23, 'Female', 80228, 5),
(828, 28, 'Male', 85282, 11),
(829, 48, 'Male', 80209, 21),
(830, 46, 'Male', 53066, 15),
(831, 21, 'Male', 33765, 14),
(832, 24, 'Male', 77042, 20),
(833, 34, 'Male', 90019, 21),
(834, 26, 'Male', 64153, 14),
(835, 44, 'Female', 11577, 7),
(836, 44, 'Male', 10018, 2),
(837, 36, 'Female', 55409, 2),
(838, 23, 'Male', 1375, 19),
(839, 38, 'Female', 90814, 6),
(840, 39, 'Male', 55406, 2),
(841, 45, 'Male', 47401, 3),
(842, 40, 'Male', 93055, 21),
(843, 35, 'Male', 44212, 11),
(844, 22, 'Male', 95662, 5),
(845, 64, 'Male', 97405, 3),
(846, 27, 'Male', 47130, 10),
(847, 29, 'Male', 55417, 19),
(848, 46, 'Male', 2146, 5),
(849, 15, 'Female', 25652, 19),
(850, 34, 'Male', 78390, 20),
(851, 18, 'Male', 29646, 14),
(852, 46, 'Male', 94086, 1),
(853, 49, 'Male', 40515, 21),
(854, 29, 'Female', 55408, 19),
(855, 53, 'Male', 4988, 11),
(856, 43, 'Female', 97215, 12),
(857, 35, 'Female', 14, 1),
(858, 63, 'Male', 9645, 4),
(859, 18, 'Female', 6492, 14),
(860, 70, 'Female', 48322, 16),
(861, 38, 'Female', 14085, 19),
(862, 25, 'Male', 13820, 7),
(863, 17, 'Male', 60089, 19),
(864, 27, 'Male', 63021, 15),
(865, 25, 'Male', 11231, 2),
(866, 45, 'Male', 60302, 14),
(867, 24, 'Male', 92507, 18),
(868, 21, 'Male', 55303, 15),
(869, 30, 'Male', 10025, 19),
(870, 22, 'Male', 65203, 19),
(871, 31, 'Male', 44648, 7),
(872, 19, 'Female', 74078, 19),
(873, 48, 'Female', 33763, 1),
(874, 36, 'Male', 37076, 18),
(875, 24, 'Female', 35802, 19),
(876, 41, 'Male', 20902, 14),
(877, 30, 'Male', 77504, 14),
(878, 50, 'Female', 98027, 4),
(879, 33, 'Female', 55337, 1),
(880, 13, 'Male', 83702, 19),
(881, 39, 'Male', 43017, 12),
(882, 35, 'Male', 40503, 5),
(883, 49, 'Male', 50266, 11),
(884, 44, 'Male', 55337, 5),
(885, 30, 'Female', 95316, 14),
(886, 20, 'Male', 61820, 19),
(887, 14, 'Female', 27249, 19),
(888, 41, 'Male', 17036, 18),
(889, 24, 'Male', 78704, 20),
(890, 32, 'Male', 97301, 19),
(891, 51, 'Female', 3062, 1),
(892, 36, 'Male', 45243, 14),
(893, 25, 'Male', 95823, 19),
(894, 47, 'Male', 74075, 4),
(895, 31, 'Female', 32301, 11),
(896, 28, 'Male', 91505, 21),
(897, 30, 'Male', 33484, 14),
(898, 23, 'Male', 61755, 9),
(899, 32, 'Male', 55116, 9),
(900, 60, 'Male', 18505, 16),
(901, 38, 'Male', 13, 7),
(902, 48, 'Female', 97203, 2),
(903, 28, 'Male', 20850, 4),
(904, 17, 'Female', 61073, 19),
(905, 27, 'Male', 30350, 14),
(906, 45, 'Male', 70124, 11),
(907, 25, 'Female', 80526, 14),
(908, 44, 'Female', 68504, 11),
(909, 50, 'Female', 53171, 4),
(910, 28, 'Male', 29301, 8),
(911, 37, 'Female', 53210, 21),
(912, 51, 'Male', 6512, 14),
(913, 27, 'Male', 76201, 19),
(914, 44, 'Female', 8105, 14),
(915, 50, 'Male', 60614, 6),
(916, 27, 'Male', 25, 5),
(917, 22, 'Female', 20006, 19),
(918, 40, 'Male', 70116, 18),
(919, 25, 'Male', 14216, 14),
(920, 30, 'Female', 90008, 2),
(921, 20, 'Female', 98801, 19),
(922, 29, 'Female', 21114, 1),
(923, 21, 'Male', 23, 19),
(924, 29, 'Male', 11753, 14),
(925, 18, 'Female', 49036, 17),
(926, 49, 'Male', 1701, 6),
(927, 23, 'Male', 55428, 15),
(928, 21, 'Male', 55408, 19),
(929, 44, 'Male', 53711, 18),
(930, 28, 'Female', 7310, 18),
(931, 60, 'Male', 33556, 4),
(932, 58, 'Male', 6437, 4),
(933, 28, 'Male', 48105, 19),
(934, 61, 'Male', 22902, 5),
(935, 42, 'Male', 66221, 3),
(936, 24, 'Male', 32789, 14),
(937, 48, 'Male', 98072, 4),
(938, 38, 'Female', 55038, 20),
(939, 26, 'Female', 33319, 19),
(940, 32, 'Male', 2215, 1),
(941, 20, 'Male', 97229, 19),
(942, 48, 'Female', 78209, 11),
(943, 22, 'Male', 77841, 19);

--
-- Indexes for dumped tables
--

--
-- Indeks untuk tabel `admin`
--
ALTER TABLE `admin`
  ADD PRIMARY KEY (`id_admin`);

--
-- Indeks untuk tabel `data`
--
ALTER TABLE `data`
  ADD KEY `id_user` (`id_user`),
  ADD KEY `id_item` (`id_item`);

--
-- Indeks untuk tabel `item`
--
ALTER TABLE `item`
  ADD PRIMARY KEY (`id_item`);

--
-- Indeks untuk tabel `occupation`
--
ALTER TABLE `occupation`
  ADD PRIMARY KEY (`id_occupation`);

--
-- Indeks untuk tabel `user`
--
ALTER TABLE `user`
  ADD PRIMARY KEY (`id_user`),
  ADD KEY `id_occupation` (`id_occupation`);

--
-- AUTO_INCREMENT untuk tabel yang dibuang
--

--
-- AUTO_INCREMENT untuk tabel `admin`
--
ALTER TABLE `admin`
  MODIFY `id_admin` int(5) NOT NULL AUTO_INCREMENT, AUTO_INCREMENT=3;

--
-- AUTO_INCREMENT untuk tabel `item`
--
ALTER TABLE `item`
  MODIFY `id_item` int(5) NOT NULL AUTO_INCREMENT, AUTO_INCREMENT=104;

--
-- AUTO_INCREMENT untuk tabel `occupation`
--
ALTER TABLE `occupation`
  MODIFY `id_occupation` int(5) NOT NULL AUTO_INCREMENT, AUTO_INCREMENT=25;

--
-- AUTO_INCREMENT untuk tabel `user`
--
ALTER TABLE `user`
  MODIFY `id_user` int(5) NOT NULL AUTO_INCREMENT, AUTO_INCREMENT=944;

--
-- Ketidakleluasaan untuk tabel pelimpahan (Dumped Tables)
--

--
-- Ketidakleluasaan untuk tabel `data`
--
ALTER TABLE `data`
  ADD CONSTRAINT `data_ibfk_1` FOREIGN KEY (`id_user`) REFERENCES `user` (`id_user`) ON DELETE CASCADE ON UPDATE CASCADE,
  ADD CONSTRAINT `data_ibfk_2` FOREIGN KEY (`id_item`) REFERENCES `item` (`id_item`) ON DELETE CASCADE ON UPDATE CASCADE;

--
-- Ketidakleluasaan untuk tabel `user`
--
ALTER TABLE `user`
  ADD CONSTRAINT `user_ibfk_1` FOREIGN KEY (`id_occupation`) REFERENCES `occupation` (`id_occupation`) ON DELETE CASCADE ON UPDATE CASCADE;
COMMIT;

/*!40101 SET CHARACTER_SET_CLIENT=@OLD_CHARACTER_SET_CLIENT */;
/*!40101 SET CHARACTER_SET_RESULTS=@OLD_CHARACTER_SET_RESULTS */;
/*!40101 SET COLLATION_CONNECTION=@OLD_COLLATION_CONNECTION */;
